date,adjClose
2002-01-02 00:00:00+00:00,6.3866249193
2002-01-03 00:00:00+00:00,6.7730673509
2002-01-04 00:00:00+00:00,6.8320661954
2002-01-07 00:00:00+00:00,6.7907670043
2002-01-08 00:00:00+00:00,6.7199683908
2002-01-09 00:00:00+00:00,6.9205644622
2002-01-10 00:00:00+00:00,6.8822152133
2002-01-11 00:00:00+00:00,6.7494678131
2002-01-14 00:00:00+00:00,6.643269893
2002-01-15 00:00:00+00:00,6.8084666576
2002-01-16 00:00:00+00:00,6.6137704707
2002-01-17 00:00:00+00:00,6.9412140578
2002-01-18 00:00:00+00:00,6.669819373
2002-01-22 00:00:00+00:00,6.4338239949
2002-01-23 00:00:00+00:00,6.5370719728
2002-01-24 00:00:00+00:00,6.6757192575
2002-01-25 00:00:00+00:00,6.6285201818
2002-01-28 00:00:00+00:00,6.5105224928
2002-01-29 00:00:00+00:00,6.1771790213
2002-01-30 00:00:00+00:00,6.4780731283
2002-01-31 00:00:00+00:00,6.5223222617
2002-02-01 00:00:00+00:00,6.4898728972
2002-02-04 00:00:00+00:00,6.5016726661
2002-02-05 00:00:00+00:00,6.3099264214
2002-02-06 00:00:00+00:00,6.1506295412
2002-02-07 00:00:00+00:00,6.1358798301
2002-02-08 00:00:00+00:00,6.0178821411
2002-02-11 00:00:00+00:00,6.1506295412
2002-02-12 00:00:00+00:00,6.1270300034
2002-02-13 00:00:00+00:00,6.1889787902
2002-02-14 00:00:00+00:00,6.1594793679
2002-02-15 00:00:00+00:00,6.0060823722
2002-02-19 00:00:00+00:00,5.8290858386
2002-02-20 00:00:00+00:00,5.8467854919
2002-02-21 00:00:00+00:00,5.7405875718
2002-02-22 00:00:00+00:00,5.690438554
2002-02-25 00:00:00+00:00,5.8939845676
2002-02-26 00:00:00+00:00,5.9028343942
2002-02-27 00:00:00+00:00,5.9087342787
2002-02-28 00:00:00+00:00,5.9352837587
2002-03-01 00:00:00+00:00,5.9618332388
2002-03-04 00:00:00+00:00,6.0857308123
2002-03-05 00:00:00+00:00,6.1005379432
2002-03-06 00:00:00+00:00,5.9761580434
2002-03-07 00:00:00+00:00,5.922852372
2002-03-08 00:00:00+00:00,6.097576517
2002-03-11 00:00:00+00:00,6.2130721383
2002-03-12 00:00:00+00:00,6.0886922384
2002-03-13 00:00:00+00:00,5.9554280601
2002-03-14 00:00:00+00:00,5.7451668009
2002-03-15 00:00:00+00:00,5.6415168844
2002-03-18 00:00:00+00:00,5.7007454081
2002-03-19 00:00:00+00:00,5.5674812297
2002-03-20 00:00:00+00:00,5.3897956585
2002-03-21 00:00:00+00:00,5.4786384441
2002-03-22 00:00:00+00:00,5.3749885276
2002-03-25 00:00:00+00:00,5.3661042491
2002-03-26 00:00:00+00:00,5.3542585443
2002-03-27 00:00:00+00:00,5.2624543325
2002-03-28 00:00:00+00:00,5.3127985777
2002-04-01 00:00:00+00:00,5.300952873
2002-04-02 00:00:00+00:00,5.1676886946
2002-04-03 00:00:00+00:00,5.1439972851
2002-04-04 00:00:00+00:00,5.1084601709
2002-04-05 00:00:00+00:00,5.03146309
2002-04-08 00:00:00+00:00,5.0699616305
2002-04-09 00:00:00+00:00,5.1558429898
2002-04-10 00:00:00+00:00,5.2476472016
2002-04-11 00:00:00+00:00,5.300952873
2002-04-12 00:00:00+00:00,5.2713386111
2002-04-15 00:00:00+00:00,5.2950300206
2002-04-16 00:00:00+00:00,5.508252706
2002-04-17 00:00:00+00:00,5.5230598369
2002-04-18 00:00:00+00:00,5.3897956585
2002-04-19 00:00:00+00:00,5.5349055417
2002-04-22 00:00:00+00:00,5.4105256418
2002-04-23 00:00:00+00:00,5.3424128396
2002-04-24 00:00:00+00:00,5.0966144661
2002-04-25 00:00:00+00:00,5.1469587113
2002-04-26 00:00:00+00:00,5.0225788115
2002-04-29 00:00:00+00:00,5.0255402377
2002-04-30 00:00:00+00:00,5.0640387781
2002-05-01 00:00:00+00:00,4.9929645496
2002-05-02 00:00:00+00:00,5.0610773519
2002-05-03 00:00:00+00:00,5.1647272684
2002-05-06 00:00:00+00:00,5.3957185109
2002-05-07 00:00:00+00:00,5.4519856084
2002-05-08 00:00:00+00:00,5.922852372
2002-05-09 00:00:00+00:00,5.9258137982
2002-05-10 00:00:00+00:00,5.7037068343
2002-05-13 00:00:00+00:00,5.9169295197
2002-05-14 00:00:00+00:00,6.0709236813
2002-05-15 00:00:00+00:00,5.7303596699
2002-05-16 00:00:00+00:00,5.8043953246
2002-05-17 00:00:00+00:00,5.8280867341
2002-05-20 00:00:00+00:00,5.7718196365
2002-05-21 00:00:00+00:00,5.6267097534
2002-05-22 00:00:00+00:00,5.6977839819
2002-05-23 00:00:00+00:00,5.715552539
2002-05-24 00:00:00+00:00,5.5349055417
2002-05-28 00:00:00+00:00,5.5378669678
2002-05-29 00:00:00+00:00,5.4993684274
2002-05-30 00:00:00+00:00,5.6859382771
2002-05-31 00:00:00+00:00,5.6533625891
2002-06-03 00:00:00+00:00,5.5822883606
2002-06-04 00:00:00+00:00,5.6178254749
2002-06-05 00:00:00+00:00,5.5645198035
2002-06-06 00:00:00+00:00,5.4342170513
2002-06-07 00:00:00+00:00,5.5349055417
2002-06-10 00:00:00+00:00,5.4164484942
2002-06-11 00:00:00+00:00,5.4342170513
2002-06-12 00:00:00+00:00,5.3187214301
2002-06-13 00:00:00+00:00,5.1824958255
2002-06-14 00:00:00+00:00,5.1380744327
2002-06-17 00:00:00+00:00,5.2772614635
2002-06-18 00:00:00+00:00,5.3159336162
2002-06-19 00:00:00+00:00,5.0422537658
2002-06-20 00:00:00+00:00,4.9530103363
2002-06-21 00:00:00+00:00,4.8964894977
2002-06-24 00:00:00+00:00,4.7299017626
2002-06-25 00:00:00+00:00,4.4591966932
2002-06-26 00:00:00+00:00,4.4086254165
2002-06-27 00:00:00+00:00,4.5157175319
2002-06-28 00:00:00+00:00,4.5454653417
2002-07-01 00:00:00+00:00,4.491919284
2002-07-02 00:00:00+00:00,4.3491297968
2002-07-03 00:00:00+00:00,4.5276166558
2002-07-05 00:00:00+00:00,4.848893002
2002-07-08 00:00:00+00:00,4.7655991344
2002-07-09 00:00:00+00:00,4.7061035148
2002-07-10 00:00:00+00:00,4.5365409988
2002-07-11 00:00:00+00:00,4.5305914368
2002-07-12 00:00:00+00:00,4.5424905607
2002-07-15 00:00:00+00:00,4.4621714742
2002-07-16 00:00:00+00:00,4.2420376815
2002-07-17 00:00:00+00:00,4.0367777936
2002-07-18 00:00:00+00:00,3.971332612
2002-07-19 00:00:00+00:00,3.807719658
2002-07-22 00:00:00+00:00,3.5697371794
2002-07-23 00:00:00+00:00,3.4269476922
2002-07-24 00:00:00+00:00,3.5697371794
2002-07-25 00:00:00+00:00,3.5102415597
2002-07-26 00:00:00+00:00,3.4685946259
2002-07-29 00:00:00+00:00,3.8612657157
2002-07-30 00:00:00+00:00,4.1230464421
2002-07-31 00:00:00+00:00,4.2093150907
2002-08-01 00:00:00+00:00,4.0724751654
2002-08-02 00:00:00+00:00,3.807719658
2002-08-05 00:00:00+00:00,3.5994849892
2002-08-06 00:00:00+00:00,3.7630979432
2002-08-07 00:00:00+00:00,3.8434170298
2002-08-08 00:00:00+00:00,4.0308282317
2002-08-09 00:00:00+00:00,3.9891812979
2002-08-12 00:00:00+00:00,3.9594334881
2002-08-13 00:00:00+00:00,3.9326604593
2002-08-14 00:00:00+00:00,4.3521045778
2002-08-15 00:00:00+00:00,4.4621714742
2002-08-16 00:00:00+00:00,4.4800201601
2002-08-19 00:00:00+00:00,4.4621714742
2002-08-20 00:00:00+00:00,4.316407206
2002-08-21 00:00:00+00:00,4.3729280447
2002-08-22 00:00:00+00:00,4.5514149037
2002-08-23 00:00:00+00:00,4.3729280447
2002-08-26 00:00:00+00:00,4.4175497594
2002-08-27 00:00:00+00:00,4.2271637765
2002-08-28 00:00:00+00:00,4.2450124624
2002-08-29 00:00:00+00:00,4.1141220992
2002-08-30 00:00:00+00:00,3.9951308599
2002-09-03 00:00:00+00:00,3.7333501334
2002-09-04 00:00:00+00:00,3.8910135255
2002-09-05 00:00:00+00:00,3.8225935629
2002-09-06 00:00:00+00:00,4.0159543268
2002-09-09 00:00:00+00:00,4.0159543268
2002-09-10 00:00:00+00:00,4.2122898716
2002-09-11 00:00:00+00:00,4.2717854913
2002-09-12 00:00:00+00:00,4.0457021366
2002-09-13 00:00:00+00:00,4.0159543268
2002-09-16 00:00:00+00:00,4.0784247274
2002-09-17 00:00:00+00:00,3.9887890191
2002-09-18 00:00:00+00:00,4.0007404469
2002-09-19 00:00:00+00:00,3.839396172
2002-09-20 00:00:00+00:00,3.8662868844
2002-09-23 00:00:00+00:00,3.8483597428
2002-09-24 00:00:00+00:00,3.6720761831
2002-09-25 00:00:00+00:00,3.836408315
2002-09-26 00:00:00+00:00,3.6063433304
2002-09-27 00:00:00+00:00,3.5943919026
2002-09-30 00:00:00+00:00,3.4868290527
2002-10-01 00:00:00+00:00,3.7139061803
2002-10-02 00:00:00+00:00,3.5555497624
2002-10-03 00:00:00+00:00,3.576464761
2002-10-04 00:00:00+00:00,3.4210961999
2002-10-07 00:00:00+00:00,3.4509747693
2002-10-08 00:00:00+00:00,3.4479869124
2002-10-09 00:00:00+00:00,3.3344483486
2002-10-10 00:00:00+00:00,3.5286590499
2002-10-11 00:00:00+00:00,3.5914040457
2002-10-14 00:00:00+00:00,3.6511611845
2002-10-15 00:00:00+00:00,4.0336068733
2002-10-16 00:00:00+00:00,3.8662868844
2002-10-17 00:00:00+00:00,3.8842140261
2002-10-18 00:00:00+00:00,3.9111047386
2002-10-21 00:00:00+00:00,4.1770240065
2002-10-22 00:00:00+00:00,4.1471454371
2002-10-23 00:00:00+00:00,4.2995261412
2002-10-24 00:00:00+00:00,4.1232425816
2002-10-25 00:00:00+00:00,4.3682468509
2002-10-28 00:00:00+00:00,4.5624575522
2002-10-29 00:00:00+00:00,4.4817854147
2002-10-30 00:00:00+00:00,4.675996116
2002-10-31 00:00:00+00:00,4.7208139702
2002-11-01 00:00:00+00:00,4.8731946743
2002-11-04 00:00:00+00:00,5.2885067894
2002-11-05 00:00:00+00:00,5.1211868006
2002-11-06 00:00:00+00:00,5.2317375075
2002-11-07 00:00:00+00:00,4.995696809
2002-11-08 00:00:00+00:00,4.9837453812
2002-11-11 00:00:00+00:00,4.4369675606
2002-11-12 00:00:00+00:00,4.6311782619
2002-11-13 00:00:00+00:00,4.8134375354
2002-11-14 00:00:00+00:00,5.0494782339
2002-11-15 00:00:00+00:00,5.0494782339
2002-11-18 00:00:00+00:00,5.0375268062
2002-11-19 00:00:00+00:00,4.9449032409
2002-11-20 00:00:00+00:00,5.0345389492
2002-11-21 00:00:00+00:00,5.6739403351
2002-11-22 00:00:00+00:00,5.7217460461
2002-11-25 00:00:00+00:00,5.7635760433
2002-11-26 00:00:00+00:00,5.6022317684
2002-11-27 00:00:00+00:00,5.8532117516
2002-11-29 00:00:00+00:00,5.8203453253
2002-12-02 00:00:00+00:00,5.9249203183
2002-12-03 00:00:00+00:00,5.7456489017
2002-12-04 00:00:00+00:00,5.4886932046
2002-12-05 00:00:00+00:00,5.4558267782
2002-12-06 00:00:00+00:00,5.626134624
2002-12-09 00:00:00+00:00,5.3871060685
2002-12-10 00:00:00+00:00,5.5813167698
2002-12-11 00:00:00+00:00,5.4468632074
2002-12-12 00:00:00+00:00,5.6052196254
2002-12-13 00:00:00+00:00,5.5514382004
2002-12-16 00:00:00+00:00,5.6858917628
2002-12-17 00:00:00+00:00,5.6978936452
2002-12-18 00:00:00+00:00,5.655887057
2002-12-19 00:00:00+00:00,5.6858917628
2002-12-20 00:00:00+00:00,5.6738898805
2002-12-23 00:00:00+00:00,5.604879057
2002-12-24 00:00:00+00:00,5.5268668217
2002-12-26 00:00:00+00:00,5.4878607041
2002-12-27 00:00:00+00:00,5.3828442335
2002-12-30 00:00:00+00:00,5.2328207042
2002-12-31 00:00:00+00:00,5.2088169395
2003-01-02 00:00:00+00:00,5.4608564688
2003-01-03 00:00:00+00:00,5.5718738805
2003-01-06 00:00:00+00:00,5.8959247039
2003-01-07 00:00:00+00:00,5.9859388216
2003-01-08 00:00:00+00:00,5.8509176451
2003-01-09 00:00:00+00:00,6.1449637627
2003-01-10 00:00:00+00:00,6.2559811744
2003-01-13 00:00:00+00:00,6.1089581156
2003-01-14 00:00:00+00:00,6.1809694097
2003-01-15 00:00:00+00:00,6.0759529392
2003-01-16 00:00:00+00:00,5.9979407039
2003-01-17 00:00:00+00:00,5.7699049393
2003-01-21 00:00:00+00:00,5.6798908217
2003-01-22 00:00:00+00:00,5.6858917628
2003-01-23 00:00:00+00:00,5.880922351
2003-01-24 00:00:00+00:00,5.6258823511
2003-01-27 00:00:00+00:00,5.5118644688
2003-01-28 00:00:00+00:00,5.6348837628
2003-01-29 00:00:00+00:00,5.6348837628
2003-01-30 00:00:00+00:00,5.4608564688
2003-01-31 00:00:00+00:00,5.2238192924
2003-02-03 00:00:00+00:00,5.2448225865
2003-02-04 00:00:00+00:00,5.2508235277
2003-02-05 00:00:00+00:00,5.1338051748
2003-02-06 00:00:00+00:00,5.1098014101
2003-02-07 00:00:00+00:00,4.9447755278
2003-02-10 00:00:00+00:00,4.9927830572
2003-02-11 00:00:00+00:00,5.0557929395
2003-02-12 00:00:00+00:00,4.986782116
2003-02-13 00:00:00+00:00,5.0857976454
2003-02-14 00:00:00+00:00,5.3378371747
2003-02-18 00:00:00+00:00,5.5328677629
2003-02-19 00:00:00+00:00,5.3438381159
2003-02-20 00:00:00+00:00,5.3618409394
2003-02-21 00:00:00+00:00,5.451855057
2003-02-24 00:00:00+00:00,5.3258352924
2003-02-25 00:00:00+00:00,5.4548555276
2003-02-26 00:00:00+00:00,4.6117232926
2003-02-27 00:00:00+00:00,4.6627312926
2003-02-28 00:00:00+00:00,4.7557458808
2003-03-03 00:00:00+00:00,4.7587463514
2003-03-04 00:00:00+00:00,4.6627312926
2003-03-05 00:00:00+00:00,4.6687322338
2003-03-06 00:00:00+00:00,4.6657317632
2003-03-07 00:00:00+00:00,4.7407435278
2003-03-10 00:00:00+00:00,4.6477289396
2003-03-11 00:00:00+00:00,4.6237251749
2003-03-12 00:00:00+00:00,4.6717327043
2003-03-13 00:00:00+00:00,4.5007058809
2003-03-14 00:00:00+00:00,4.6987369396
2003-03-17 00:00:00+00:00,4.9447755278
2003-03-18 00:00:00+00:00,5.0472891668
2003-03-19 00:00:00+00:00,5.1136215214
2003-03-20 00:00:00+00:00,5.176938769
2003-03-21 00:00:00+00:00,5.279452408
2003-03-24 00:00:00+00:00,4.9900021332
2003-03-25 00:00:00+00:00,4.9779417051
2003-03-26 00:00:00+00:00,4.9990474543
2003-03-27 00:00:00+00:00,4.9568359559
2003-03-28 00:00:00+00:00,4.8995489223
2003-03-31 00:00:00+00:00,4.6884914303
2003-04-01 00:00:00+00:00,4.7095971795
2003-04-02 00:00:00+00:00,4.8211561396
2003-04-03 00:00:00+00:00,4.9327150997
2003-04-04 00:00:00+00:00,4.9176395645
2003-04-07 00:00:00+00:00,4.8874884942
2003-04-08 00:00:00+00:00,4.7487935709
2003-04-09 00:00:00+00:00,4.6312043967
2003-04-10 00:00:00+00:00,4.6945216444
2003-04-11 00:00:00+00:00,4.6131137546
2003-04-14 00:00:00+00:00,4.7910050693
2003-04-15 00:00:00+00:00,4.6945216444
2003-04-16 00:00:00+00:00,4.7005518584
2003-04-17 00:00:00+00:00,4.6131137546
2003-04-21 00:00:00+00:00,4.6432648249
2003-04-22 00:00:00+00:00,4.7729144271
2003-04-23 00:00:00+00:00,4.8452769958
2003-04-24 00:00:00+00:00,4.763869106
2003-04-25 00:00:00+00:00,4.7789446412
2003-04-28 00:00:00+00:00,4.8573374239
2003-04-29 00:00:00+00:00,4.9749265981
2003-04-30 00:00:00+00:00,4.9146244575
2003-05-01 00:00:00+00:00,4.9749265981
2003-05-02 00:00:00+00:00,5.0201532035
2003-05-05 00:00:00+00:00,5.0653798089
2003-05-06 00:00:00+00:00,5.2251804815
2003-05-07 00:00:00+00:00,5.1920143042
2003-05-08 00:00:00+00:00,5.1528179128
2003-05-09 00:00:00+00:00,5.2281955885
2003-05-12 00:00:00+00:00,5.2493013377
2003-05-13 00:00:00+00:00,5.2101049463
2003-05-14 00:00:00+00:00,5.2523164447
2003-05-15 00:00:00+00:00,5.3156336924
2003-05-16 00:00:00+00:00,5.4121171173
2003-05-19 00:00:00+00:00,5.0895006652
2003-05-20 00:00:00+00:00,5.1407574847
2003-05-21 00:00:00+00:00,5.4091020103
2003-05-22 00:00:00+00:00,5.5658875758
2003-05-23 00:00:00+00:00,5.5749328969
2003-05-27 00:00:00+00:00,5.6322199304
2003-05-28 00:00:00+00:00,5.8432774225
2003-05-29 00:00:00+00:00,5.7467939975
2003-05-30 00:00:00+00:00,5.8794587068
2003-06-02 00:00:00+00:00,6.0452895934
2003-06-03 00:00:00+00:00,6.0513198075
2003-06-04 00:00:00+00:00,6.3437851893
2003-06-05 00:00:00+00:00,6.6030843938
2003-06-06 00:00:00+00:00,6.6422807852
2003-06-09 00:00:00+00:00,6.4915254337
2003-06-10 00:00:00+00:00,6.518661397
2003-06-11 00:00:00+00:00,6.3920269018
2003-06-12 00:00:00+00:00,6.4040873299
2003-06-13 00:00:00+00:00,6.3287096541
2003-06-16 00:00:00+00:00,6.4704196845
2003-06-17 00:00:00+00:00,6.5491057985
2003-06-18 00:00:00+00:00,6.6489766356
2003-06-19 00:00:00+00:00,6.5370002425
2003-06-20 00:00:00+00:00,6.5672641326
2003-06-23 00:00:00+00:00,6.4673932955
2003-06-24 00:00:00+00:00,6.3887071815
2003-06-25 00:00:00+00:00,6.2948891224
2003-06-26 00:00:00+00:00,6.4462085725
2003-06-27 00:00:00+00:00,6.3221266235
2003-06-30 00:00:00+00:00,6.4462085725
2003-07-01 00:00:00+00:00,6.4098919045
2003-07-02 00:00:00+00:00,6.5248946865
2003-07-03 00:00:00+00:00,6.4462085725
2003-07-07 00:00:00+00:00,6.6731877476
2003-07-08 00:00:00+00:00,6.6913460816
2003-07-09 00:00:00+00:00,6.9395099797
2003-07-10 00:00:00+00:00,6.6731877476
2003-07-11 00:00:00+00:00,6.9183252567
2003-07-14 00:00:00+00:00,7.1180669308
2003-07-15 00:00:00+00:00,6.9304308127
2003-07-16 00:00:00+00:00,6.8699030327
2003-07-17 00:00:00+00:00,6.6005544116
2003-07-18 00:00:00+00:00,6.8245071977
2003-07-21 00:00:00+00:00,6.6066071896
2003-07-22 00:00:00+00:00,6.6489766356
2003-07-23 00:00:00+00:00,6.6973988596
2003-07-24 00:00:00+00:00,6.3856807925
2003-07-25 00:00:00+00:00,6.4764724625
2003-07-28 00:00:00+00:00,6.4704196845
2003-07-29 00:00:00+00:00,6.4371294055
2003-07-30 00:00:00+00:00,6.3614696805
2003-07-31 00:00:00+00:00,6.4068655155
2003-08-01 00:00:00+00:00,6.3463377355
2003-08-04 00:00:00+00:00,6.2948891224
2003-08-05 00:00:00+00:00,6.0436988354
2003-08-06 00:00:00+00:00,6.0194877233
2003-08-07 00:00:00+00:00,5.8439571613
2003-08-08 00:00:00+00:00,6.0769891144
2003-08-11 00:00:00+00:00,6.0406724464
2003-08-12 00:00:00+00:00,6.3402849575
2003-08-13 00:00:00+00:00,6.3705488475
2003-08-14 00:00:00+00:00,6.4008127375
2003-08-15 00:00:00+00:00,6.4764724625
2003-08-18 00:00:00+00:00,6.6973988596
2003-08-19 00:00:00+00:00,6.6913460816
2003-08-20 00:00:00+00:00,5.9922502223
2003-08-21 00:00:00+00:00,6.0043557783
2003-08-22 00:00:00+00:00,5.8863266073
2003-08-25 00:00:00+00:00,5.8711946623
2003-08-26 00:00:00+00:00,5.9256696643
2003-08-27 00:00:00+00:00,5.9075113303
2003-08-28 00:00:00+00:00,5.9831710553
2003-08-29 00:00:00+00:00,6.0315932793
2003-09-02 00:00:00+00:00,6.1133057824
2003-09-03 00:00:00+00:00,6.2464668984
2003-09-04 00:00:00+00:00,6.2888363444
2003-09-05 00:00:00+00:00,6.1223849494
2003-09-08 00:00:00+00:00,6.2040974524
2003-09-09 00:00:00+00:00,6.1919918964
2003-09-10 00:00:00+00:00,6.0709363364
2003-09-11 00:00:00+00:00,6.1072530044
2003-09-12 00:00:00+00:00,6.0769891144
2003-09-15 00:00:00+00:00,6.0255405013
2003-09-16 00:00:00+00:00,6.1987406065
2003-09-17 00:00:00+00:00,6.1865862132
2003-09-18 00:00:00+00:00,6.3719407117
2003-09-19 00:00:00+00:00,6.4266354818
2003-09-22 00:00:00+00:00,6.1683546232
2003-09-23 00:00:00+00:00,6.1987406065
2003-09-24 00:00:00+00:00,6.0650422797
2003-09-25 00:00:00+00:00,5.8523403962
2003-09-26 00:00:00+00:00,5.8948807729
2003-09-29 00:00:00+00:00,5.9617299363
2003-09-30 00:00:00+00:00,5.8827263795
2003-10-01 00:00:00+00:00,5.9556527396
2003-10-02 00:00:00+00:00,5.9313439529
2003-10-03 00:00:00+00:00,6.1683546232
2003-10-06 00:00:00+00:00,6.2230493932
2003-10-07 00:00:00+00:00,6.1865862132
2003-10-08 00:00:00+00:00,6.1531616315
2003-10-09 00:00:00+00:00,6.3932109001
2003-10-10 00:00:00+00:00,6.3962494984
2003-10-13 00:00:00+00:00,6.4539828668
2003-10-14 00:00:00+00:00,6.4995618418
2003-10-15 00:00:00+00:00,6.6606075537
2003-10-16 00:00:00+00:00,6.4630986618
2003-10-17 00:00:00+00:00,6.365863515
2003-10-20 00:00:00+00:00,6.5238706285
2003-10-21 00:00:00+00:00,6.5967969886
2003-10-22 00:00:00+00:00,6.4661372601
2003-10-23 00:00:00+00:00,6.3810565067
2003-10-24 00:00:00+00:00,6.2200107949
2003-10-27 00:00:00+00:00,6.3810565067
2003-10-28 00:00:00+00:00,6.5785653986
2003-10-29 00:00:00+00:00,6.6302215703
2003-10-30 00:00:00+00:00,6.7092251271
2003-10-31 00:00:00+00:00,6.7791128888
2003-11-03 00:00:00+00:00,6.8976182239
2003-11-04 00:00:00+00:00,6.9826989774
2003-11-05 00:00:00+00:00,7.0191621574
2003-11-06 00:00:00+00:00,7.1346288942
2003-11-07 00:00:00+00:00,6.988776174
2003-11-10 00:00:00+00:00,6.6879549387
2003-11-11 00:00:00+00:00,6.7304953154
2003-11-12 00:00:00+00:00,6.7669584955
2003-11-13 00:00:00+00:00,6.7912672822
2003-11-14 00:00:00+00:00,6.7122637254
2003-11-17 00:00:00+00:00,6.6849163404
2003-11-18 00:00:00+00:00,6.5785653986
2003-11-19 00:00:00+00:00,6.7487269054
2003-11-20 00:00:00+00:00,6.5603338086
2003-11-21 00:00:00+00:00,6.4661372601
2003-11-24 00:00:00+00:00,6.654530357
2003-11-25 00:00:00+00:00,6.5816039969
2003-11-26 00:00:00+00:00,6.6423759637
2003-11-28 00:00:00+00:00,6.6059127836
2003-12-01 00:00:00+00:00,6.636298767
2003-12-02 00:00:00+00:00,6.8216532655
2003-12-03 00:00:00+00:00,6.8094988722
2003-12-04 00:00:00+00:00,6.8672322406
2003-12-05 00:00:00+00:00,6.7183409221
2003-12-08 00:00:00+00:00,6.8307690605
2003-12-09 00:00:00+00:00,6.672761947
2003-12-10 00:00:00+00:00,6.6849163404
2003-12-11 00:00:00+00:00,6.7456883071
2003-12-12 00:00:00+00:00,6.7791128888
2003-12-15 00:00:00+00:00,6.6879549387
2003-12-16 00:00:00+00:00,6.7183409221
2003-12-17 00:00:00+00:00,6.672761947
2003-12-18 00:00:00+00:00,6.7548041021
2003-12-19 00:00:00+00:00,6.7396111104
2003-12-22 00:00:00+00:00,6.7456883071
2003-12-23 00:00:00+00:00,6.8854638306
2003-12-24 00:00:00+00:00,6.8976182239
2003-12-26 00:00:00+00:00,6.8672322406
2003-12-29 00:00:00+00:00,6.9675059857
2003-12-30 00:00:00+00:00,6.9675059857
2003-12-31 00:00:00+00:00,6.979660379
2004-01-02 00:00:00+00:00,7.0373937474
2004-01-05 00:00:00+00:00,7.1923622626
2004-01-06 00:00:00+00:00,7.2227482459
2004-01-07 00:00:00+00:00,7.0981657141
2004-01-08 00:00:00+00:00,7.5022992929
2004-01-09 00:00:00+00:00,7.3412535811
2004-01-12 00:00:00+00:00,7.4992606946
2004-01-13 00:00:00+00:00,7.3716395644
2004-01-14 00:00:00+00:00,7.5053378912
2004-01-15 00:00:00+00:00,7.6876537914
2004-01-16 00:00:00+00:00,7.7545029548
2004-01-20 00:00:00+00:00,7.6177660297
2004-01-21 00:00:00+00:00,7.6694222014
2004-01-22 00:00:00+00:00,7.7453871598
2004-01-23 00:00:00+00:00,7.6876537914
2004-01-26 00:00:00+00:00,7.936818855
2004-01-27 00:00:00+00:00,7.7848889382
2004-01-28 00:00:00+00:00,7.3777167611
2004-01-29 00:00:00+00:00,7.3777167611
2004-01-30 00:00:00+00:00,7.2288254426
2004-02-02 00:00:00+00:00,7.323021991
2004-02-03 00:00:00+00:00,7.2652886227
2004-02-04 00:00:00+00:00,7.0465095424
2004-02-05 00:00:00+00:00,7.0829727225
2004-02-06 00:00:00+00:00,7.2257868443
2004-02-09 00:00:00+00:00,7.2197096476
2004-02-10 00:00:00+00:00,7.3290991877
2004-02-11 00:00:00+00:00,7.2440184343
2004-02-12 00:00:00+00:00,6.961428789
2004-02-13 00:00:00+00:00,6.9918147724
2004-02-17 00:00:00+00:00,7.1072815092
2004-02-18 00:00:00+00:00,7.1437446892
2004-02-19 00:00:00+00:00,7.250095631
2004-02-20 00:00:00+00:00,7.0282779524
2004-02-23 00:00:00+00:00,6.961428789
2004-02-24 00:00:00+00:00,6.8368462572
2004-02-25 00:00:00+00:00,6.9128112156
2004-02-26 00:00:00+00:00,7.0556253374
2004-02-27 00:00:00+00:00,6.9006568223
2004-03-01 00:00:00+00:00,6.988776174
2004-03-02 00:00:00+00:00,6.943197199
2004-03-03 00:00:00+00:00,6.979660379
2004-03-04 00:00:00+00:00,6.9371200023
2004-03-05 00:00:00+00:00,6.9097726173
2004-03-08 00:00:00+00:00,6.8854638306
2004-03-09 00:00:00+00:00,6.7882286838
2004-03-10 00:00:00+00:00,6.7791128888
2004-03-11 00:00:00+00:00,6.690993537
2004-03-12 00:00:00+00:00,6.7943058805
2004-03-15 00:00:00+00:00,6.6211057753
2004-03-16 00:00:00+00:00,6.6455041384
2004-03-17 00:00:00+00:00,6.746147386
2004-03-18 00:00:00+00:00,6.7308984091
2004-03-19 00:00:00+00:00,6.5967074122
2004-03-22 00:00:00+00:00,6.5204625277
2004-03-23 00:00:00+00:00,6.5235123231
2004-03-24 00:00:00+00:00,6.5936576169
2004-03-25 00:00:00+00:00,6.8284918613
2004-03-26 00:00:00+00:00,6.8193424752
2004-03-29 00:00:00+00:00,7.0663759011
2004-03-30 00:00:00+00:00,7.0541767196
2004-03-31 00:00:00+00:00,6.9657326535
2004-04-01 00:00:00+00:00,6.993180812
2004-04-02 00:00:00+00:00,7.0389277427
2004-04-05 00:00:00+00:00,7.2097162841
2004-04-06 00:00:00+00:00,7.121272218
2004-04-07 00:00:00+00:00,7.0511269242
2004-04-08 00:00:00+00:00,6.9748820397
2004-04-12 00:00:00+00:00,6.9016869505
2004-04-13 00:00:00+00:00,6.785794726
2004-04-14 00:00:00+00:00,6.706500046
2004-04-15 00:00:00+00:00,6.6760020922
2004-04-16 00:00:00+00:00,6.7095498414
2004-04-19 00:00:00+00:00,6.6241555707
2004-04-20 00:00:00+00:00,6.4533670293
2004-04-21 00:00:00+00:00,6.5021637554
2004-04-22 00:00:00+00:00,6.6516037291
2004-04-23 00:00:00+00:00,6.6089065938
2004-04-26 00:00:00+00:00,6.6089065938
2004-04-27 00:00:00+00:00,6.4838649831
2004-04-28 00:00:00+00:00,6.3130764417
2004-04-29 00:00:00+00:00,6.1727858541
2004-04-30 00:00:00+00:00,6.0080969034
2004-05-03 00:00:00+00:00,5.9928479265
2004-05-04 00:00:00+00:00,6.0629932203
2004-05-05 00:00:00+00:00,6.0995907649
2004-05-06 00:00:00+00:00,6.0324952665
2004-05-07 00:00:00+00:00,6.0995907649
2004-05-10 00:00:00+00:00,6.0751924018
2004-05-11 00:00:00+00:00,6.1331385141
2004-05-12 00:00:00+00:00,6.1331385141
2004-05-13 00:00:00+00:00,6.1087401511
2004-05-14 00:00:00+00:00,5.980648745
2004-05-17 00:00:00+00:00,5.9471009958
2004-05-18 00:00:00+00:00,6.0477442434
2004-05-19 00:00:00+00:00,6.2673295109
2004-05-20 00:00:00+00:00,6.3222258278
2004-05-21 00:00:00+00:00,6.3496739863
2004-05-24 00:00:00+00:00,6.3252756232
2004-05-25 00:00:00+00:00,6.4106698939
2004-05-26 00:00:00+00:00,6.4808151877
2004-05-27 00:00:00+00:00,6.4472674385
2004-05-28 00:00:00+00:00,6.4777653923
2004-06-01 00:00:00+00:00,6.4564168247
2004-06-02 00:00:00+00:00,6.49911396
2004-06-03 00:00:00+00:00,6.4411678477
2004-06-04 00:00:00+00:00,6.4838649831
2004-06-07 00:00:00+00:00,6.6058567984
2004-06-08 00:00:00+00:00,6.7095498414
2004-06-09 00:00:00+00:00,6.6851514783
2004-06-10 00:00:00+00:00,6.6333049568
2004-06-14 00:00:00+00:00,6.6089065938
2004-06-15 00:00:00+00:00,6.6425786515
2004-06-16 00:00:00+00:00,6.5813567284
2004-06-17 00:00:00+00:00,6.4558517861
2004-06-18 00:00:00+00:00,6.4038131515
2004-06-21 00:00:00+00:00,6.3640189016
2004-06-22 00:00:00+00:00,6.3946298631
2004-06-23 00:00:00+00:00,6.4680961707
2004-06-24 00:00:00+00:00,6.4344241131
2004-06-25 00:00:00+00:00,6.3701410939
2004-06-28 00:00:00+00:00,6.4221797285
2004-06-29 00:00:00+00:00,6.4589128823
2004-06-30 00:00:00+00:00,6.4589128823
2004-07-01 00:00:00+00:00,6.2997358823
2004-07-02 00:00:00+00:00,6.2476972478
2004-07-06 00:00:00+00:00,6.1344366901
2004-07-07 00:00:00+00:00,6.2017808055
2004-07-08 00:00:00+00:00,6.1191312093
2004-07-09 00:00:00+00:00,6.1619865555
2004-07-12 00:00:00+00:00,6.1558643632
2004-07-13 00:00:00+00:00,6.1987197093
2004-07-14 00:00:00+00:00,6.091581344
2004-07-15 00:00:00+00:00,6.0150539401
2004-07-16 00:00:00+00:00,6.011992844
2004-07-19 00:00:00+00:00,6.0456649017
2004-07-20 00:00:00+00:00,6.1221923055
2004-07-21 00:00:00+00:00,6.0272983248
2004-07-22 00:00:00+00:00,6.1099479209
2004-07-23 00:00:00+00:00,5.9936262671
2004-07-26 00:00:00+00:00,6.0395427094
2004-07-27 00:00:00+00:00,6.1221923055
2004-07-28 00:00:00+00:00,6.1007646324
2004-07-29 00:00:00+00:00,6.1864753247
2004-07-30 00:00:00+00:00,6.1681087478
2004-08-02 00:00:00+00:00,6.2354528631
2004-08-03 00:00:00+00:00,6.1987197093
2004-08-04 00:00:00+00:00,6.2568805362
2004-08-05 00:00:00+00:00,6.2752471131
2004-08-06 00:00:00+00:00,6.091581344
2004-08-09 00:00:00+00:00,6.0854591517
2004-08-10 00:00:00+00:00,6.1068868247
2004-08-11 00:00:00+00:00,5.9752596902
2004-08-12 00:00:00+00:00,5.1885579789
2004-08-13 00:00:00+00:00,5.050808652
2004-08-16 00:00:00+00:00,5.1732524981
2004-08-17 00:00:00+00:00,5.1732524981
2004-08-18 00:00:00+00:00,5.3661015558
2004-08-19 00:00:00+00:00,5.4212012865
2004-08-20 00:00:00+00:00,5.5436451326
2004-08-23 00:00:00+00:00,5.4732399211
2004-08-24 00:00:00+00:00,5.4120179981
2004-08-25 00:00:00+00:00,5.5405840365
2004-08-26 00:00:00+00:00,5.5681339018
2004-08-27 00:00:00+00:00,5.5895615749
2004-08-30 00:00:00+00:00,5.4854843057
2004-08-31 00:00:00+00:00,5.4763010173
2004-09-01 00:00:00+00:00,5.4854843057
2004-09-02 00:00:00+00:00,5.5130341711
2004-09-03 00:00:00+00:00,5.4181401904
2004-09-07 00:00:00+00:00,5.5069119788
2004-09-08 00:00:00+00:00,5.491606498
2004-09-09 00:00:00+00:00,5.5467062288
2004-09-10 00:00:00+00:00,5.5987448634
2004-09-13 00:00:00+00:00,5.7211887095
2004-09-14 00:00:00+00:00,5.6566293527
2004-09-15 00:00:00+00:00,5.6197382917
2004-09-16 00:00:00+00:00,5.6012927612
2004-09-17 00:00:00+00:00,5.5674759553
2004-09-20 00:00:00+00:00,5.6597036078
2004-09-21 00:00:00+00:00,5.7488570052
2004-09-22 00:00:00+00:00,5.7242629646
2004-09-23 00:00:00+00:00,5.7918965764
2004-09-24 00:00:00+00:00,5.7119659442
2004-09-27 00:00:00+00:00,5.6566293527
2004-09-28 00:00:00+00:00,5.6074412714
2004-09-29 00:00:00+00:00,5.6935204137
2004-09-30 00:00:00+00:00,5.7642282806
2004-10-01 00:00:00+00:00,5.8779757187
2004-10-04 00:00:00+00:00,5.8595301882
2004-10-05 00:00:00+00:00,5.8349361476
2004-10-06 00:00:00+00:00,5.8964212492
2004-10-07 00:00:00+00:00,5.850307423
2004-10-08 00:00:00+00:00,5.7058174341
2004-10-11 00:00:00+00:00,5.7304114747
2004-10-12 00:00:00+00:00,5.6965946688
2004-10-13 00:00:00+00:00,5.8103421069
2004-10-14 00:00:00+00:00,5.6504808426
2004-10-15 00:00:00+00:00,5.5982185062
2004-10-18 00:00:00+00:00,5.6105155265
2004-10-19 00:00:00+00:00,5.6074412714
2004-10-20 00:00:00+00:00,5.6043670163
2004-10-21 00:00:00+00:00,5.6443323324
2004-10-22 00:00:00+00:00,5.5152136189
2004-10-25 00:00:00+00:00,5.5059908537
2004-10-26 00:00:00+00:00,5.4906195783
2004-10-27 00:00:00+00:00,5.6720006282
2004-10-28 00:00:00+00:00,5.6842976485
2004-10-29 00:00:00+00:00,5.7365599849
2004-11-01 00:00:00+00:00,5.7673025357
2004-11-02 00:00:00+00:00,5.8410846577
2004-11-03 00:00:00+00:00,5.8410846577
2004-11-04 00:00:00+00:00,6.0040201771
2004-11-05 00:00:00+00:00,6.0532082584
2004-11-08 00:00:00+00:00,6.0900993194
2004-11-09 00:00:00+00:00,6.0562825135
2004-11-10 00:00:00+00:00,5.8318618925
2004-11-11 00:00:00+00:00,5.9179410348
2004-11-12 00:00:00+00:00,5.9456093305
2004-11-15 00:00:00+00:00,5.9702033712
2004-11-16 00:00:00+00:00,6.0501340034
2004-11-17 00:00:00+00:00,6.2099952677
2004-11-18 00:00:00+00:00,6.2284407982
2004-11-19 00:00:00+00:00,6.1731042067
2004-11-22 00:00:00+00:00,6.2099952677
2004-11-23 00:00:00+00:00,6.1976982473
2004-11-24 00:00:00+00:00,6.1915497372
2004-11-26 00:00:00+00:00,6.2007725024
2004-11-29 00:00:00+00:00,6.1792527168
2004-11-30 00:00:00+00:00,6.148510166
2004-12-01 00:00:00+00:00,6.3083714303
2004-12-02 00:00:00+00:00,6.3237427057
2004-12-03 00:00:00+00:00,6.4528614192
2004-12-06 00:00:00+00:00,6.5573860921
2004-12-07 00:00:00+00:00,6.480529715
2004-12-08 00:00:00+00:00,6.4620841845
2004-12-09 00:00:00+00:00,6.4159703582
2004-12-10 00:00:00+00:00,6.3975248277
2004-12-13 00:00:00+00:00,6.3883020625
2004-12-14 00:00:00+00:00,6.3574406999
2004-12-15 00:00:00+00:00,6.3913881988
2004-12-16 00:00:00+00:00,6.4963168317
2004-12-17 00:00:00+00:00,6.4685416053
2004-12-20 00:00:00+00:00,6.4747138778
2004-12-21 00:00:00+00:00,6.5456950119
2004-12-22 00:00:00+00:00,6.5456950119
2004-12-23 00:00:00+00:00,6.4994029679
2004-12-27 00:00:00+00:00,6.5086613767
2004-12-28 00:00:00+00:00,6.5518672844
2004-12-29 00:00:00+00:00,6.5426088756
2004-12-30 00:00:00+00:00,6.5210059218
2004-12-31 00:00:00+00:00,6.4716277416
2005-01-03 00:00:00+00:00,6.4963168317
2005-01-04 00:00:00+00:00,6.453110924
2005-01-05 00:00:00+00:00,6.4808861504
2005-01-06 00:00:00+00:00,6.4685416053
2005-01-07 00:00:00+00:00,6.4315079702
2005-01-10 00:00:00+00:00,6.4222495614
2005-01-11 00:00:00+00:00,6.1877032055
2005-01-12 00:00:00+00:00,6.1846170692
2005-01-13 00:00:00+00:00,6.1568418428
2005-01-14 00:00:00+00:00,6.193875478
2005-01-18 00:00:00+00:00,6.3049763834
2005-01-19 00:00:00+00:00,6.2586843395
2005-01-20 00:00:00+00:00,6.1784447967
2005-01-21 00:00:00+00:00,6.1691863879
2005-01-24 00:00:00+00:00,6.1383250253
2005-01-25 00:00:00+00:00,6.0673438912
2005-01-26 00:00:00+00:00,6.0457409374
2005-01-27 00:00:00+00:00,6.0148795748
2005-01-28 00:00:00+00:00,5.9685875309
2005-01-31 00:00:00+00:00,6.0457409374
2005-02-01 00:00:00+00:00,6.1167220714
2005-02-02 00:00:00+00:00,6.0395686649
2005-02-03 00:00:00+00:00,6.1414111615
2005-02-04 00:00:00+00:00,6.3111486559
2005-02-07 00:00:00+00:00,6.2864595658
2005-02-08 00:00:00+00:00,6.2154784318
2005-02-09 00:00:00+00:00,6.6444513722
2005-02-10 00:00:00+00:00,6.6290206909
2005-02-11 00:00:00+00:00,6.5734702382
2005-02-14 00:00:00+00:00,6.4099050163
2005-02-15 00:00:00+00:00,6.5179197855
2005-02-16 00:00:00+00:00,6.4994029679
2005-02-17 00:00:00+00:00,6.4376802427
2005-02-18 00:00:00+00:00,6.4808861504
2005-02-22 00:00:00+00:00,6.3481822911
2005-02-23 00:00:00+00:00,6.2833734296
2005-02-24 00:00:00+00:00,6.3080625197
2005-02-25 00:00:00+00:00,6.3759575174
2005-02-28 00:00:00+00:00,6.4191634251
2005-03-01 00:00:00+00:00,6.394474335
2005-03-02 00:00:00+00:00,6.3883020625
2005-03-03 00:00:00+00:00,6.4222495614
2005-03-04 00:00:00+00:00,6.3450961548
2005-03-07 00:00:00+00:00,6.4407663789
2005-03-08 00:00:00+00:00,6.4561970603
2005-03-09 00:00:00+00:00,6.3697852449
2005-03-10 00:00:00+00:00,6.3543545636
2005-03-11 00:00:00+00:00,6.1537557066
2005-03-14 00:00:00+00:00,6.2586843395
2005-03-15 00:00:00+00:00,6.240094188
2005-03-16 00:00:00+00:00,6.2648810567
2005-03-17 00:00:00+00:00,6.314454794
2005-03-18 00:00:00+00:00,6.2277007536
2005-03-21 00:00:00+00:00,6.2431925466
2005-03-22 00:00:00+00:00,6.1998155264
2005-03-23 00:00:00+00:00,6.1223565618
2005-03-24 00:00:00+00:00,6.1378483547
2005-03-28 00:00:00+00:00,6.1316516375
2005-03-29 00:00:00+00:00,6.7482249957
2005-03-30 00:00:00+00:00,6.8163888846
2005-03-31 00:00:00+00:00,6.7977987331
2005-04-01 00:00:00+00:00,6.7265364857
2005-04-04 00:00:00+00:00,6.7885036573
2005-04-05 00:00:00+00:00,6.6800611069
2005-04-06 00:00:00+00:00,6.7451266372
2005-04-07 00:00:00+00:00,6.7544217129
2005-04-08 00:00:00+00:00,6.7048479756
2005-04-11 00:00:00+00:00,6.6831594655
2005-04-12 00:00:00+00:00,6.7265364857
2005-04-13 00:00:00+00:00,6.8008970917
2005-04-14 00:00:00+00:00,6.73892992
2005-04-15 00:00:00+00:00,6.4569792889
2005-04-18 00:00:00+00:00,6.3330449455
2005-04-19 00:00:00+00:00,6.3981104758
2005-04-20 00:00:00+00:00,6.3795203243
2005-04-21 00:00:00+00:00,6.5251431777
2005-04-22 00:00:00+00:00,6.4383891374
2005-04-25 00:00:00+00:00,6.537536612
2005-04-26 00:00:00+00:00,6.3423400213
2005-04-27 00:00:00+00:00,6.2493892637
2005-04-28 00:00:00+00:00,6.2896679253
2005-04-29 00:00:00+00:00,6.3423400213
2005-05-02 00:00:00+00:00,6.4972579504
2005-05-03 00:00:00+00:00,6.5065530262
2005-05-04 00:00:00+00:00,6.5158481019
2005-05-05 00:00:00+00:00,6.4848645161
2005-05-06 00:00:00+00:00,6.500356309
2005-05-09 00:00:00+00:00,6.425995703
2005-05-10 00:00:00+00:00,6.3361433041
2005-05-11 00:00:00+00:00,6.3702252485
2005-05-12 00:00:00+00:00,6.2431925466
2005-05-13 00:00:00+00:00,6.3888154
2005-05-16 00:00:00+00:00,6.5096513848
2005-05-17 00:00:00+00:00,6.6769627483
2005-05-18 00:00:00+00:00,6.9867986067
2005-05-19 00:00:00+00:00,6.9744051724
2005-05-20 00:00:00+00:00,6.9713068138
2005-05-23 00:00:00+00:00,6.9867986067
2005-05-24 00:00:00+00:00,7.0394707026
2005-05-25 00:00:00+00:00,7.0704542885
2005-05-26 00:00:00+00:00,7.126224743
2005-05-27 00:00:00+00:00,7.0549624955
2005-05-31 00:00:00+00:00,6.9744051724
2005-06-01 00:00:00+00:00,7.0270772683
2005-06-02 00:00:00+00:00,7.0270772683
2005-06-03 00:00:00+00:00,7.0394707026
2005-06-06 00:00:00+00:00,6.9960936825
2005-06-07 00:00:00+00:00,6.9744051724
2005-06-08 00:00:00+00:00,6.9496183037
2005-06-09 00:00:00+00:00,7.051864137
2005-06-10 00:00:00+00:00,7.2811426722
2005-06-13 00:00:00+00:00,7.4267655256
2005-06-14 00:00:00+00:00,7.4143305896
2005-06-15 00:00:00+00:00,7.4236567916
2005-06-16 00:00:00+00:00,7.4298742596
2005-06-17 00:00:00+00:00,7.4329829936
2005-06-20 00:00:00+00:00,7.4143305896
2005-06-21 00:00:00+00:00,7.6505943736
2005-06-22 00:00:00+00:00,7.6163982996
2005-06-23 00:00:00+00:00,7.5822022256
2005-06-24 00:00:00+00:00,7.3987869196
2005-06-27 00:00:00+00:00,7.3086336336
2005-06-28 00:00:00+00:00,7.3552646436
2005-06-29 00:00:00+00:00,7.4827227376
2005-06-30 00:00:00+00:00,7.3086336336
2005-07-01 00:00:00+00:00,7.2993074316
2005-07-05 00:00:00+00:00,7.3708083136
2005-07-06 00:00:00+00:00,7.4485266636
2005-07-07 00:00:00+00:00,7.5075926096
2005-07-08 00:00:00+00:00,7.5480061516
2005-07-11 00:00:00+00:00,7.5013751416
2005-07-12 00:00:00+00:00,7.4951576736
2005-07-13 00:00:00+00:00,7.5915284276
2005-07-14 00:00:00+00:00,7.6537031076
2005-07-15 00:00:00+00:00,7.7531825956
2005-07-18 00:00:00+00:00,7.7469651276
2005-07-19 00:00:00+00:00,7.6226157676
2005-07-20 00:00:00+00:00,7.6878991816
2005-07-21 00:00:00+00:00,7.5511148856
2005-07-22 00:00:00+00:00,7.5169188116
2005-07-25 00:00:00+00:00,7.5542236196
2005-07-26 00:00:00+00:00,7.5728760236
2005-07-27 00:00:00+00:00,7.7034428516
2005-07-28 00:00:00+00:00,7.6132895656
2005-07-29 00:00:00+00:00,7.6537031076
2005-08-01 00:00:00+00:00,7.6163982996
2005-08-02 00:00:00+00:00,7.5604410876
2005-08-03 00:00:00+00:00,7.6505943736
2005-08-04 00:00:00+00:00,7.6039633636
2005-08-05 00:00:00+00:00,7.6723555116
2005-08-08 00:00:00+00:00,7.6505943736
2005-08-09 00:00:00+00:00,7.6319419696
2005-08-10 00:00:00+00:00,7.5044838756
2005-08-11 00:00:00+00:00,7.5169188116
2005-08-12 00:00:00+00:00,7.4702878016
2005-08-15 00:00:00+00:00,7.4889402056
2005-08-16 00:00:00+00:00,7.3676995796
2005-08-17 00:00:00+00:00,8.3376245876
2005-08-18 00:00:00+00:00,8.2847761096
2005-08-19 00:00:00+00:00,8.2350363656
2005-08-22 00:00:00+00:00,8.2474713016
2005-08-23 00:00:00+00:00,8.3034285136
2005-08-24 00:00:00+00:00,8.3065372476
2005-08-25 00:00:00+00:00,8.3624944596
2005-08-26 00:00:00+00:00,8.3966905336
2005-08-29 00:00:00+00:00,8.2972110456
2005-08-30 00:00:00+00:00,8.4246691396
2005-08-31 00:00:00+00:00,8.6298455836
2005-09-01 00:00:00+00:00,8.6733678596
2005-09-02 00:00:00+00:00,8.5801058396
2005-09-06 00:00:00+00:00,8.4713001496
2005-09-07 00:00:00+00:00,8.5365835636
2005-09-08 00:00:00+00:00,8.6578241896
2005-09-09 00:00:00+00:00,8.6453892536
2005-09-12 00:00:00+00:00,8.6484979876
2005-09-13 00:00:00+00:00,8.5830263013
2005-09-14 00:00:00+00:00,8.5736732032
2005-09-15 00:00:00+00:00,8.6890280791
2005-09-16 00:00:00+00:00,8.8355599484
2005-09-19 00:00:00+00:00,9.0039157131
2005-09-20 00:00:00+00:00,8.8168537523
2005-09-21 00:00:00+00:00,8.7576174647
2005-09-22 00:00:00+00:00,8.7326758699
2005-09-23 00:00:00+00:00,8.8760900399
2005-09-26 00:00:00+00:00,9.0226219091
2005-09-27 00:00:00+00:00,8.8449130464
2005-09-28 00:00:00+00:00,8.8916785366
2005-09-29 00:00:00+00:00,9.0226219091
2005-09-30 00:00:00+00:00,9.1036820922
2005-10-03 00:00:00+00:00,9.0101511118
2005-10-04 00:00:00+00:00,8.9010316346
2005-10-05 00:00:00+00:00,8.5643201052
2005-10-06 00:00:00+00:00,8.3834935431
2005-10-07 00:00:00+00:00,8.4489652294
2005-10-10 00:00:00+00:00,8.3149041575
2005-10-11 00:00:00+00:00,8.4926130202
2005-10-12 00:00:00+00:00,8.5113192163
2005-10-13 00:00:00+00:00,8.4926130202
2005-10-14 00:00:00+00:00,8.5861440006
2005-10-17 00:00:00+00:00,8.5362608111
2005-10-18 00:00:00+00:00,8.6453802882
2005-10-19 00:00:00+00:00,8.6173209941
2005-10-20 00:00:00+00:00,8.5487316085
2005-10-21 00:00:00+00:00,8.5954970987
2005-10-24 00:00:00+00:00,8.8075006542
2005-10-25 00:00:00+00:00,8.5674378045
2005-10-26 00:00:00+00:00,8.4053174385
2005-10-27 00:00:00+00:00,8.355434249
2005-10-28 00:00:00+00:00,8.7170873732
2005-10-31 00:00:00+00:00,8.742028968
2005-11-01 00:00:00+00:00,8.8168537523
2005-11-02 00:00:00+00:00,8.975856419
2005-11-03 00:00:00+00:00,8.9602679222
2005-11-04 00:00:00+00:00,8.8947962359
2005-11-07 00:00:00+00:00,8.9571502229
2005-11-08 00:00:00+00:00,8.8979139353
2005-11-09 00:00:00+00:00,8.8012652555
2005-11-10 00:00:00+00:00,8.8137360529
2005-11-11 00:00:00+00:00,8.8916785366
2005-11-14 00:00:00+00:00,8.7919121575
2005-11-15 00:00:00+00:00,8.7669705627
2005-11-16 00:00:00+00:00,8.8137360529
2005-11-17 00:00:00+00:00,9.0413281052
2005-11-18 00:00:00+00:00,9.1660360791
2005-11-21 00:00:00+00:00,9.1286236869
2005-11-22 00:00:00+00:00,9.1504475824
2005-11-23 00:00:00+00:00,9.1598006804
2005-11-25 00:00:00+00:00,9.2689201575
2005-11-28 00:00:00+00:00,9.3406272425
2005-11-29 00:00:00+00:00,9.3406272425
2005-11-30 00:00:00+00:00,9.2502139615
2005-12-01 00:00:00+00:00,9.2159192686
2005-12-02 00:00:00+00:00,9.1130351902
2005-12-05 00:00:00+00:00,9.2876263536
2005-12-06 00:00:00+00:00,9.2346254647
2005-12-07 00:00:00+00:00,9.2034484713
2005-12-08 00:00:00+00:00,9.1130351902
2005-12-09 00:00:00+00:00,9.3281564451
2005-12-12 00:00:00+00:00,9.3686865366
2005-12-13 00:00:00+00:00,9.0873445986
2005-12-14 00:00:00+00:00,9.2561497614
2005-12-15 00:00:00+00:00,9.1279828785
2005-12-16 00:00:00+00:00,9.0404542756
2005-12-19 00:00:00+00:00,9.0248241679
2005-12-20 00:00:00+00:00,9.0185721248
2005-12-21 00:00:00+00:00,8.9935639526
2005-12-22 00:00:00+00:00,9.0342022325
2005-12-23 00:00:00+00:00,8.9935639526
2005-12-27 00:00:00+00:00,8.984185888
2005-12-28 00:00:00+00:00,9.0029420172
2005-12-29 00:00:00+00:00,8.984185888
2005-12-30 00:00:00+00:00,8.9497996511
2006-01-03 00:00:00+00:00,8.9935639526
2006-01-04 00:00:00+00:00,9.2561497614
2006-01-05 00:00:00+00:00,9.1905033092
2006-01-06 00:00:00+00:00,9.453089118
2006-01-09 00:00:00+00:00,9.5718779363
2006-01-10 00:00:00+00:00,9.6218942809
2006-01-11 00:00:00+00:00,9.7969514867
2006-01-12 00:00:00+00:00,9.6969187977
2006-01-13 00:00:00+00:00,9.9720086926
2006-01-17 00:00:00+00:00,9.8969841758
2006-01-18 00:00:00+00:00,9.7688172929
2006-01-19 00:00:00+00:00,10.0782934248
2006-01-20 00:00:00+00:00,9.9219923481
2006-01-23 00:00:00+00:00,9.7969514867
2006-01-24 00:00:00+00:00,9.8063295513
2006-01-25 00:00:00+00:00,10.0376551448
2006-01-26 00:00:00+00:00,9.8782280466
2006-01-27 00:00:00+00:00,9.7813213791
2006-01-30 00:00:00+00:00,9.7781953575
2006-01-31 00:00:00+00:00,9.7469351422
2006-02-01 00:00:00+00:00,9.7625652499
2006-02-02 00:00:00+00:00,9.6625325608
2006-02-03 00:00:00+00:00,9.5531218071
2006-02-06 00:00:00+00:00,9.4624671826
2006-02-07 00:00:00+00:00,9.493727398
2006-02-08 00:00:00+00:00,10.0063949295
2006-02-09 00:00:00+00:00,9.8782280466
2006-02-10 00:00:00+00:00,9.8500938528
2006-02-13 00:00:00+00:00,9.9219923481
2006-02-14 00:00:00+00:00,10.1564439631
2006-02-15 00:00:00+00:00,9.9001101974
2006-02-16 00:00:00+00:00,10.6347252578
2006-02-17 00:00:00+00:00,10.6503553655
2006-02-21 00:00:00+00:00,10.1626960062
2006-02-22 00:00:00+00:00,10.2971149321
2006-02-23 00:00:00+00:00,10.1189317047
2006-02-24 00:00:00+00:00,10.009520951
2006-02-27 00:00:00+00:00,10.4440379442
2006-02-28 00:00:00+00:00,10.2564766522
2006-03-01 00:00:00+00:00,10.6441033224
2006-03-02 00:00:00+00:00,10.6878676239
2006-03-03 00:00:00+00:00,10.3971476212
2006-03-06 00:00:00+00:00,10.2721067599
2006-03-07 00:00:00+00:00,10.3033669752
2006-03-08 00:00:00+00:00,10.2158383723
2006-03-09 00:00:00+00:00,10.2408465445
2006-03-10 00:00:00+00:00,10.3127450398
2006-03-13 00:00:00+00:00,10.4096517074
2006-03-14 00:00:00+00:00,10.4660555998
2006-03-15 00:00:00+00:00,10.6195995293
2006-03-16 00:00:00+00:00,10.6101988805
2006-03-17 00:00:00+00:00,10.704205368
2006-03-20 00:00:00+00:00,10.6415343763
2006-03-21 00:00:00+00:00,10.5099252939
2006-03-22 00:00:00+00:00,10.4535214015
2006-03-23 00:00:00+00:00,10.3407136166
2006-03-24 00:00:00+00:00,10.3939839595
2006-03-27 00:00:00+00:00,10.375182662
2006-03-28 00:00:00+00:00,10.0492935056
2006-03-29 00:00:00+00:00,10.2529742283
2006-03-30 00:00:00+00:00,10.2059709846
2006-03-31 00:00:00+00:00,10.3093781208
2006-04-03 00:00:00+00:00,10.5067917444
2006-04-04 00:00:00+00:00,10.5569285377
2006-04-05 00:00:00+00:00,10.7668763596
2006-04-06 00:00:00+00:00,10.6854040705
2006-04-07 00:00:00+00:00,10.4566549511
2006-04-10 00:00:00+00:00,10.3720491124
2006-04-11 00:00:00+00:00,10.1965703359
2006-04-12 00:00:00+00:00,10.1307657947
2006-04-13 00:00:00+00:00,10.2216387325
2006-04-17 00:00:00+00:00,10.0367593072
2006-04-18 00:00:00+00:00,10.4911239965
2006-04-19 00:00:00+00:00,10.337580067
2006-04-20 00:00:00+00:00,10.5945311326
2006-04-21 00:00:00+00:00,10.3281794183
2006-04-24 00:00:00+00:00,10.3093781208
2006-04-25 00:00:00+00:00,10.3438471662
2006-04-26 00:00:00+00:00,10.278042625
2006-04-27 00:00:00+00:00,10.4221859057
2006-04-28 00:00:00+00:00,10.1746354888
2006-05-01 00:00:00+00:00,10.2279058317
2006-05-02 00:00:00+00:00,10.1276322451
2006-05-03 00:00:00+00:00,10.2905768233
2006-05-04 00:00:00+00:00,10.4315865544
2006-05-05 00:00:00+00:00,10.6133324301
2006-05-08 00:00:00+00:00,10.5882640335
2006-05-09 00:00:00+00:00,10.3783162116
2006-05-10 00:00:00+00:00,10.3657820132
2006-05-11 00:00:00+00:00,10.1934367863
2006-05-12 00:00:00+00:00,10.0680948031
2006-05-15 00:00:00+00:00,9.911417324
2006-05-16 00:00:00+00:00,9.7484727458
2006-05-17 00:00:00+00:00,10.0774954518
2006-05-18 00:00:00+00:00,10.1777690384
2006-05-19 00:00:00+00:00,10.0336257577
2006-05-22 00:00:00+00:00,10.083762551
2006-05-23 00:00:00+00:00,10.0618277039
2006-05-24 00:00:00+00:00,10.143299993
2006-05-25 00:00:00+00:00,10.1119644972
2006-05-26 00:00:00+00:00,10.1965703359
2006-05-30 00:00:00+00:00,10.0022902619
2006-05-31 00:00:00+00:00,10.1464335426
2006-06-01 00:00:00+00:00,10.1621012905
2006-06-02 00:00:00+00:00,10.1527006417
2006-06-05 00:00:00+00:00,9.8988831257
2006-06-06 00:00:00+00:00,9.6826682046
2006-06-07 00:00:00+00:00,9.6920688534
2006-06-08 00:00:00+00:00,9.4194500398
2006-06-09 00:00:00+00:00,9.3818474449
2006-06-12 00:00:00+00:00,9.3849809944
2006-06-13 00:00:00+00:00,9.3598454578
2006-06-14 00:00:00+00:00,9.4698134306
2006-06-15 00:00:00+00:00,10.0165113526
2006-06-16 00:00:00+00:00,10.380976634
2006-06-19 00:00:00+00:00,10.5474995642
2006-06-20 00:00:00+00:00,10.3244216765
2006-06-21 00:00:00+00:00,10.6009125796
2006-06-22 00:00:00+00:00,10.3589830394
2006-06-23 00:00:00+00:00,10.2615828349
2006-06-26 00:00:00+00:00,10.2081698195
2006-06-27 00:00:00+00:00,10.0353630051
2006-06-28 00:00:00+00:00,9.9253950323
2006-06-29 00:00:00+00:00,10.0636404838
2006-06-30 00:00:00+00:00,9.953672511
2006-07-03 00:00:00+00:00,10.2144537037
2006-07-05 00:00:00+00:00,10.2961441978
2006-07-06 00:00:00+00:00,10.3998282864
2006-07-07 00:00:00+00:00,10.3212797344
2006-07-10 00:00:00+00:00,10.032221063
2006-07-11 00:00:00+00:00,10.2238795299
2006-07-12 00:00:00+00:00,9.9505305689
2006-07-13 00:00:00+00:00,9.8091431753
2006-07-14 00:00:00+00:00,9.6646138396
2006-07-17 00:00:00+00:00,9.8028592912
2006-07-18 00:00:00+00:00,9.7243107391
2006-07-19 00:00:00+00:00,10.1327632096
2006-07-20 00:00:00+00:00,9.991375816
2006-07-21 00:00:00+00:00,9.5892072297
2006-07-24 00:00:00+00:00,9.7620140441
2006-07-25 00:00:00+00:00,9.8437045382
2006-07-26 00:00:00+00:00,9.9756661056
2006-07-27 00:00:00+00:00,10.1139115571
2006-07-28 00:00:00+00:00,10.0887760205
2006-07-31 00:00:00+00:00,10.0259371789
2006-08-01 00:00:00+00:00,9.9505305689
2006-08-02 00:00:00+00:00,10.2113117616
2006-08-03 00:00:00+00:00,10.2395892403
2006-08-04 00:00:00+00:00,10.1924601091
2006-08-07 00:00:00+00:00,10.2867183715
2006-08-08 00:00:00+00:00,10.3338475028
2006-08-09 00:00:00+00:00,10.3872605181
2006-08-10 00:00:00+00:00,10.3715508077
2006-08-11 00:00:00+00:00,10.384118576
2006-08-14 00:00:00+00:00,10.459525186
2006-08-15 00:00:00+00:00,10.6794611316
2006-08-16 00:00:00+00:00,10.8177065832
2006-08-17 00:00:00+00:00,11.0439264129
2006-08-18 00:00:00+00:00,11.1601782699
2006-08-21 00:00:00+00:00,10.9622359189
2006-08-22 00:00:00+00:00,11.0030811659
2006-08-23 00:00:00+00:00,11.0784877758
2006-08-24 00:00:00+00:00,11.1161910808
2006-08-25 00:00:00+00:00,11.0690619496
2006-08-28 00:00:00+00:00,11.08477166
2006-08-29 00:00:00+00:00,11.2355848799
2006-08-30 00:00:00+00:00,11.3109914898
2006-08-31 00:00:00+00:00,11.4869402463
2006-09-01 00:00:00+00:00,11.4775144201
2006-09-05 00:00:00+00:00,11.4555208255
2006-09-06 00:00:00+00:00,11.2607204165
2006-09-07 00:00:00+00:00,11.1287588491
2006-09-08 00:00:00+00:00,11.3392689685
2006-09-11 00:00:00+00:00,11.4492369413
2006-09-12 00:00:00+00:00,11.6255728238
2006-09-13 00:00:00+00:00,11.4523857964
2006-09-14 00:00:00+00:00,11.4145995358
2006-09-15 00:00:00+00:00,11.3925575505
2006-09-18 00:00:00+00:00,11.4618323615
2006-09-19 00:00:00+00:00,11.4460880863
2006-09-20 00:00:00+00:00,11.5814888532
2006-09-21 00:00:00+00:00,10.9800575397
2006-09-22 00:00:00+00:00,11.0556300608
2006-09-25 00:00:00+00:00,11.2445613634
2006-09-26 00:00:00+00:00,11.2414125084
2006-09-27 00:00:00+00:00,11.143798002
2006-09-28 00:00:00+00:00,11.3264315946
2006-09-29 00:00:00+00:00,11.5531491578
2006-10-02 00:00:00+00:00,11.8585880971
2006-10-03 00:00:00+00:00,11.783015576
2006-10-04 00:00:00+00:00,11.9719468787
2006-10-05 00:00:00+00:00,11.9152674879
2006-10-06 00:00:00+00:00,11.8774812274
2006-10-09 00:00:00+00:00,11.9656491686
2006-10-10 00:00:00+00:00,11.9436071833
2006-10-11 00:00:00+00:00,11.924714053
2006-10-12 00:00:00+00:00,12.0979010805
2006-10-13 00:00:00+00:00,12.2364507024
2006-10-16 00:00:00+00:00,12.204962152
2006-10-17 00:00:00+00:00,12.2994278033
2006-10-18 00:00:00+00:00,12.2836835281
2006-10-19 00:00:00+00:00,12.4568705555
2006-10-20 00:00:00+00:00,12.4001911647
2006-10-23 00:00:00+00:00,12.5544850619
2006-10-24 00:00:00+00:00,12.419084295
2006-10-25 00:00:00+00:00,12.3340652088
2006-10-26 00:00:00+00:00,12.3340652088
2006-10-27 00:00:00+00:00,12.1104965007
2006-10-30 00:00:00+00:00,12.2553438327
2006-10-31 00:00:00+00:00,12.1986644419
2006-11-01 00:00:00+00:00,12.138836196
2006-11-02 00:00:00+00:00,12.1514316162
2006-11-03 00:00:00+00:00,12.0349239796
2006-11-06 00:00:00+00:00,12.1955155868
2006-11-07 00:00:00+00:00,12.1860690217
2006-11-08 00:00:00+00:00,12.2427484125
2006-11-09 00:00:00+00:00,12.4568705555
2006-11-10 00:00:00+00:00,12.5922713224
2006-11-13 00:00:00+00:00,12.6646949885
2006-11-14 00:00:00+00:00,12.8063934655
2006-11-15 00:00:00+00:00,12.5292942216
2006-11-16 00:00:00+00:00,12.6363552931
2006-11-17 00:00:00+00:00,12.5229965115
2006-11-20 00:00:00+00:00,12.5041033812
2006-11-21 00:00:00+00:00,12.5922713224
2006-11-22 00:00:00+00:00,12.5072522362
2006-11-24 00:00:00+00:00,12.4568705555
2006-11-27 00:00:00+00:00,12.1671758914
2006-11-28 00:00:00+00:00,12.2395995575
2006-11-29 00:00:00+00:00,12.4033400198
2006-11-30 00:00:00+00:00,12.4253820051
2006-12-01 00:00:00+00:00,12.419084295
2006-12-04 00:00:00+00:00,12.5513362069
2006-12-05 00:00:00+00:00,12.5670804821
2006-12-06 00:00:00+00:00,12.6395041481
2006-12-07 00:00:00+00:00,12.5513362069
2006-12-08 00:00:00+00:00,12.4568705555
2006-12-11 00:00:00+00:00,12.6237598729
2006-12-12 00:00:00+00:00,12.5669671516
2006-12-13 00:00:00+00:00,12.5164847327
2006-12-14 00:00:00+00:00,12.5922083611
2006-12-15 00:00:00+00:00,12.6016738146
2006-12-18 00:00:00+00:00,12.6300701752
2006-12-19 00:00:00+00:00,12.7562762225
2006-12-20 00:00:00+00:00,13.0433949799
2006-12-21 00:00:00+00:00,12.8730168161
2006-12-22 00:00:00+00:00,12.8193792461
2006-12-26 00:00:00+00:00,12.9140337815
2006-12-27 00:00:00+00:00,13.1254289106
2006-12-28 00:00:00+00:00,13.0497052822
2006-12-29 00:00:00+00:00,12.9960677122
2007-01-03 00:00:00+00:00,13.1317392129
2007-01-04 00:00:00+00:00,13.15067012
2007-01-05 00:00:00+00:00,13.3147379814
2007-01-08 00:00:00+00:00,13.2421695042
2007-01-09 00:00:00+00:00,13.3147379814
2007-01-10 00:00:00+00:00,13.3147379814
2007-01-11 00:00:00+00:00,13.4535646333
2007-01-12 00:00:00+00:00,13.7343730884
2007-01-16 00:00:00+00:00,13.6302530994
2007-01-17 00:00:00+00:00,13.4062373656
2007-01-18 00:00:00+00:00,13.3589100979
2007-01-19 00:00:00+00:00,13.2516349578
2007-01-22 00:00:00+00:00,13.2579452601
2007-01-23 00:00:00+00:00,13.3494446444
2007-01-24 00:00:00+00:00,13.3746858538
2007-01-25 00:00:00+00:00,13.1601355736
2007-01-26 00:00:00+00:00,13.1538252712
2007-01-29 00:00:00+00:00,13.3841513074
2007-01-30 00:00:00+00:00,13.6018567388
2007-01-31 00:00:00+00:00,13.6554943089
2007-02-01 00:00:00+00:00,13.3652204003
2007-02-02 00:00:00+00:00,13.2737210161
2007-02-05 00:00:00+00:00,13.5072022034
2007-02-06 00:00:00+00:00,13.254790109
2007-02-07 00:00:00+00:00,13.3462894932
2007-02-08 00:00:00+00:00,13.3999270633
2007-02-09 00:00:00+00:00,13.3242034349
2007-02-12 00:00:00+00:00,13.2831864696
2007-02-13 00:00:00+00:00,13.4377888774
2007-02-14 00:00:00+00:00,13.5135125058
2007-02-15 00:00:00+00:00,13.4661852381
2007-02-16 00:00:00+00:00,13.4945815987
2007-02-20 00:00:00+00:00,13.6081670412
2007-02-21 00:00:00+00:00,12.9676713515
2007-02-22 00:00:00+00:00,12.8667065138
2007-02-23 00:00:00+00:00,12.8793271185
2007-02-26 00:00:00+00:00,12.7121041059
2007-02-27 00:00:00+00:00,12.2798483942
2007-02-28 00:00:00+00:00,12.415519895
2007-03-01 00:00:00+00:00,12.2830035454
2007-03-02 00:00:00+00:00,12.2009696147
2007-03-05 00:00:00+00:00,12.2262108241
2007-03-06 00:00:00+00:00,12.4407611044
2007-03-07 00:00:00+00:00,12.6742422918
2007-03-08 00:00:00+00:00,12.7057938036
2007-03-09 00:00:00+00:00,12.6300701752
2007-03-12 00:00:00+00:00,12.7625865248
2007-03-13 00:00:00+00:00,12.5033514257
2007-03-14 00:00:00+00:00,12.5792251133
2007-03-15 00:00:00+00:00,12.5507724804
2007-03-16 00:00:00+00:00,12.617161957
2007-03-19 00:00:00+00:00,12.7120040665
2007-03-20 00:00:00+00:00,12.5223198476
2007-03-21 00:00:00+00:00,12.7056812592
2007-03-22 00:00:00+00:00,12.787877754
2007-03-23 00:00:00+00:00,12.7815549467
2007-03-26 00:00:00+00:00,12.7847163504
2007-03-27 00:00:00+00:00,12.7183268738
2007-03-28 00:00:00+00:00,12.5792251133
2007-03-29 00:00:00+00:00,12.6456145899
2007-03-30 00:00:00+00:00,12.6898742409
2007-04-02 00:00:00+00:00,12.7436181029
2007-04-03 00:00:00+00:00,12.9269795145
2007-04-04 00:00:00+00:00,12.9933689911
2007-04-05 00:00:00+00:00,13.2146672464
2007-04-09 00:00:00+00:00,13.0692426786
2007-04-10 00:00:00+00:00,12.8732356525
2007-04-11 00:00:00+00:00,12.8763970561
2007-04-12 00:00:00+00:00,12.9996917984
2007-04-13 00:00:00+00:00,13.0186602203
2007-04-16 00:00:00+00:00,13.0218216239
2007-04-17 00:00:00+00:00,13.0281444312
2007-04-18 00:00:00+00:00,12.9554321473
2007-04-19 00:00:00+00:00,13.0091760093
2007-04-20 00:00:00+00:00,13.0787268896
2007-04-23 00:00:00+00:00,13.0913725042
2007-04-24 00:00:00+00:00,13.1672461917
2007-04-25 00:00:00+00:00,13.2367970719
2007-04-26 00:00:00+00:00,13.2905409339
2007-04-27 00:00:00+00:00,13.3695760251
2007-04-30 00:00:00+00:00,13.3221549704
2007-05-01 00:00:00+00:00,13.5687444549
2007-05-02 00:00:00+00:00,13.5719058586
2007-05-03 00:00:00+00:00,13.5402918221
2007-05-04 00:00:00+00:00,13.8437865723
2007-05-07 00:00:00+00:00,13.8469479759
2007-05-08 00:00:00+00:00,14.2294778172
2007-05-09 00:00:00+00:00,14.2041865881
2007-05-10 00:00:00+00:00,14.1219900932
2007-05-11 00:00:00+00:00,14.3021901011
2007-05-14 00:00:00+00:00,14.2326392209
2007-05-15 00:00:00+00:00,14.1472813224
2007-05-16 00:00:00+00:00,14.2927058902
2007-05-17 00:00:00+00:00,14.1852181662
2007-05-18 00:00:00+00:00,14.0935374604
2007-05-21 00:00:00+00:00,14.2958672938
2007-05-22 00:00:00+00:00,14.4096778252
2007-05-23 00:00:00+00:00,14.4254848434
2007-05-24 00:00:00+00:00,14.3527725595
2007-05-25 00:00:00+00:00,14.4223234397
2007-05-29 00:00:00+00:00,14.4033550179
2007-05-30 00:00:00+00:00,14.438130458
2007-05-31 00:00:00+00:00,14.4507760726
2007-06-01 00:00:00+00:00,14.482390109
2007-06-04 00:00:00+00:00,14.5361339711
2007-06-05 00:00:00+00:00,14.5171655492
2007-06-06 00:00:00+00:00,14.5519409893
2007-06-07 00:00:00+00:00,14.3559339631
2007-06-08 00:00:00+00:00,14.4729058981
2007-06-11 00:00:00+00:00,14.5329725674
2007-06-12 00:00:00+00:00,14.2701186291
2007-06-13 00:00:00+00:00,14.4094628855
2007-06-14 00:00:00+00:00,14.4633004392
2007-06-15 00:00:00+00:00,14.4759680988
2007-06-18 00:00:00+00:00,14.5329725674
2007-06-19 00:00:00+00:00,14.5361394823
2007-06-20 00:00:00+00:00,14.2637847992
2007-06-21 00:00:00+00:00,14.4094628855
2007-06-22 00:00:00+00:00,14.3081216081
2007-06-25 00:00:00+00:00,14.23211565
2007-06-26 00:00:00+00:00,14.1371082024
2007-06-27 00:00:00+00:00,14.311288523
2007-06-28 00:00:00+00:00,14.1276074577
2007-06-29 00:00:00+00:00,14.1307743726
2007-07-02 00:00:00+00:00,14.311288523
2007-07-03 00:00:00+00:00,14.4347982049
2007-07-05 00:00:00+00:00,14.5361394823
2007-07-06 00:00:00+00:00,14.5614748017
2007-07-09 00:00:00+00:00,14.3651260766
2007-07-10 00:00:00+00:00,14.23211565
2007-07-11 00:00:00+00:00,14.4569666093
2007-07-12 00:00:00+00:00,14.9953421457
2007-07-13 00:00:00+00:00,14.9636729965
2007-07-16 00:00:00+00:00,15.02384438
2007-07-17 00:00:00+00:00,15.0460127844
2007-07-18 00:00:00+00:00,14.9288369324
2007-07-19 00:00:00+00:00,15.3278682123
2007-07-20 00:00:00+00:00,15.3722050212
2007-07-23 00:00:00+00:00,15.3373689571
2007-07-24 00:00:00+00:00,15.0776819336
2007-07-25 00:00:00+00:00,15.0555135292
2007-07-26 00:00:00+00:00,14.9161692727
2007-07-27 00:00:00+00:00,14.7134867178
2007-07-30 00:00:00+00:00,14.6121454404
2007-07-31 00:00:00+00:00,14.5773093763
2007-08-01 00:00:00+00:00,14.7989934207
2007-08-02 00:00:00+00:00,15.2740306587
2007-08-03 00:00:00+00:00,15.0143436352
2007-08-06 00:00:00+00:00,15.3468697018
2007-08-07 00:00:00+00:00,15.3532035317
2007-08-08 00:00:00+00:00,15.6445597043
2007-08-09 00:00:00+00:00,14.8908339534
2007-08-10 00:00:00+00:00,14.9510053368
2007-08-13 00:00:00+00:00,15.3373689571
2007-08-14 00:00:00+00:00,14.9731737413
2007-08-15 00:00:00+00:00,14.6153123553
2007-08-16 00:00:00+00:00,14.5836432061
2007-08-17 00:00:00+00:00,14.9320038473
2007-08-20 00:00:00+00:00,14.7514896969
2007-08-21 00:00:00+00:00,14.5709755464
2007-08-22 00:00:00+00:00,14.7008190582
2007-08-23 00:00:00+00:00,15.0903495933
2007-08-24 00:00:00+00:00,15.2328607647
2007-08-27 00:00:00+00:00,15.1346864022
2007-08-28 00:00:00+00:00,14.8464971445
2007-08-29 00:00:00+00:00,15.3342020421
2007-08-30 00:00:00+00:00,15.340535872
2007-08-31 00:00:00+00:00,15.6287251297
2007-09-04 00:00:00+00:00,15.8789114084
2007-09-05 00:00:00+00:00,15.8662437487
2007-09-06 00:00:00+00:00,15.894745983
2007-09-07 00:00:00+00:00,15.4703793837
2007-09-10 00:00:00+00:00,15.5432184268
2007-09-11 00:00:00+00:00,15.8191898561
2007-09-12 00:00:00+00:00,15.4670883774
2007-09-13 00:00:00+00:00,15.4702604628
2007-09-14 00:00:00+00:00,15.3465491325
2007-09-17 00:00:00+00:00,15.5876276224
2007-09-18 00:00:00+00:00,15.9143524179
2007-09-19 00:00:00+00:00,15.7906410875
2007-09-20 00:00:00+00:00,15.8921478201
2007-09-21 00:00:00+00:00,16.028547492
2007-09-24 00:00:00+00:00,15.9365570156
2007-09-25 00:00:00+00:00,16.1712913347
2007-09-26 00:00:00+00:00,16.0570962606
2007-09-27 00:00:00+00:00,15.9460732718
2007-09-28 00:00:00+00:00,15.7938131729
2007-10-01 00:00:00+00:00,16.1712913347
2007-10-02 00:00:00+00:00,16.1903238471
2007-10-03 00:00:00+00:00,15.9746220403
2007-10-04 00:00:00+00:00,16.0095149797
2007-10-05 00:00:00+00:00,16.1459146516
2007-10-08 00:00:00+00:00,16.504360301
2007-10-09 00:00:00+00:00,16.6407599729
2007-10-10 00:00:00+00:00,16.5741461797
2007-10-11 00:00:00+00:00,16.3711327145
2007-10-12 00:00:00+00:00,16.3521002021
2007-10-15 00:00:00+00:00,16.2537655549
2007-10-16 00:00:00+00:00,16.3394118606
2007-10-17 00:00:00+00:00,16.6661366561
2007-10-18 00:00:00+00:00,16.770815474
2007-10-19 00:00:00+00:00,16.3045189212
2007-10-22 00:00:00+00:00,16.2696259819
2007-10-23 00:00:00+00:00,16.4504348493
2007-10-24 00:00:00+00:00,16.3679606291
2007-10-25 00:00:00+00:00,16.3013468358
2007-10-26 00:00:00+00:00,16.6439320583
2007-10-29 00:00:00+00:00,16.4218860808
2007-10-30 00:00:00+00:00,16.3647885437
2007-10-31 00:00:00+00:00,16.3933373122
2007-11-01 00:00:00+00:00,16.3362397752
2007-11-02 00:00:00+00:00,16.6217274605
2007-11-05 00:00:00+00:00,16.6661366561
2007-11-06 00:00:00+00:00,16.9421080853
2007-11-07 00:00:00+00:00,16.4440906785
2007-11-08 00:00:00+00:00,15.8413944538
2007-11-09 00:00:00+00:00,15.3497212179
2007-11-12 00:00:00+00:00,15.0800939594
2007-11-13 00:00:00+00:00,15.7018226965
2007-11-14 00:00:00+00:00,15.5654230246
2007-11-15 00:00:00+00:00,15.5114975729
2007-11-16 00:00:00+00:00,16.0983333707
2007-11-19 00:00:00+00:00,15.6827901842
2007-11-20 00:00:00+00:00,15.7208552089
2007-11-21 00:00:00+00:00,15.5051534021
2007-11-23 00:00:00+00:00,15.5971438785
2007-11-26 00:00:00+00:00,15.2767632538
2007-11-27 00:00:00+00:00,15.4512279504
2007-11-28 00:00:00+00:00,16.0919891999
2007-11-29 00:00:00+00:00,16.1934959325
2007-11-30 00:00:00+00:00,16.2283888718
2007-12-03 00:00:00+00:00,15.9999987235
2007-12-04 00:00:00+00:00,16.0856450291
2007-12-05 00:00:00+00:00,16.3869931415
2007-12-06 00:00:00+00:00,16.5614578381
2007-12-07 00:00:00+00:00,16.4440906785
2007-12-10 00:00:00+00:00,16.5107044718
2007-12-11 00:00:00+00:00,16.1326452391
2007-12-12 00:00:00+00:00,16.3709178648
2007-12-13 00:00:00+00:00,16.6377832055
2007-12-14 00:00:00+00:00,16.5647129336
2007-12-17 00:00:00+00:00,16.1802997643
2007-12-18 00:00:00+00:00,16.2088924793
2007-12-19 00:00:00+00:00,16.2501930678
2007-12-20 00:00:00+00:00,16.2533700361
2007-12-21 00:00:00+00:00,16.5297662818
2007-12-24 00:00:00+00:00,16.6218983637
2007-12-26 00:00:00+00:00,16.7648619391
2007-12-27 00:00:00+00:00,16.3963336115
2007-12-28 00:00:00+00:00,16.3169094029
2007-12-31 00:00:00+00:00,16.0373361889
2008-01-02 00:00:00+00:00,15.7736478165
2008-01-03 00:00:00+00:00,15.7736478165
2008-01-04 00:00:00+00:00,14.8904506175
2008-01-07 00:00:00+00:00,14.4075514296
2008-01-08 00:00:00+00:00,13.7213262678
2008-01-09 00:00:00+00:00,14.1184473105
2008-01-10 00:00:00+00:00,14.4043744612
2008-01-11 00:00:00+00:00,14.2963575376
2008-01-14 00:00:00+00:00,14.6553549602
2008-01-15 00:00:00+00:00,14.3122423793
2008-01-16 00:00:00+00:00,14.0866776271
2008-01-17 00:00:00+00:00,13.6609638693
2008-01-18 00:00:00+00:00,13.8992364949
2008-01-22 00:00:00+00:00,13.5720087557
2008-01-23 00:00:00+00:00,13.7213262678
2008-01-24 00:00:00+00:00,14.2614108859
2008-01-25 00:00:00+00:00,13.8960595266
2008-01-28 00:00:00+00:00,13.9151213366
2008-01-29 00:00:00+00:00,13.7816886663
2008-01-30 00:00:00+00:00,13.8325201597
2008-01-31 00:00:00+00:00,13.8897055899
2008-02-01 00:00:00+00:00,14.1120933738
2008-02-04 00:00:00+00:00,13.9977225135
2008-02-05 00:00:00+00:00,13.6546099326
2008-02-06 00:00:00+00:00,13.3940985286
2008-02-07 00:00:00+00:00,12.8667217839
2008-02-08 00:00:00+00:00,13.305143415
2008-02-11 00:00:00+00:00,13.5434160406
2008-02-12 00:00:00+00:00,13.6228402492
2008-02-13 00:00:00+00:00,13.9945455452
2008-02-14 00:00:00+00:00,13.7435650462
2008-02-15 00:00:00+00:00,13.937360115
2008-02-19 00:00:00+00:00,13.9627758617
2008-02-20 00:00:00+00:00,15.071537813
2008-02-21 00:00:00+00:00,14.8777427442
2008-02-22 00:00:00+00:00,15.0588299396
2008-02-25 00:00:00+00:00,15.2907486286
2008-02-26 00:00:00+00:00,15.6306842411
2008-02-27 00:00:00+00:00,15.5480830643
2008-02-28 00:00:00+00:00,15.4241812989
2008-02-29 00:00:00+00:00,15.1763777683
2008-03-03 00:00:00+00:00,15.1223693065
2008-03-04 00:00:00+00:00,15.3924116155
2008-03-05 00:00:00+00:00,15.3479340587
2008-03-06 00:00:00+00:00,15.1795547366
2008-03-07 00:00:00+00:00,15.0302372246
2008-03-10 00:00:00+00:00,14.8650348708
2008-03-11 00:00:00+00:00,15.2501064228
2008-03-12 00:00:00+00:00,15.0432498039
2008-03-13 00:00:00+00:00,14.9636895659
2008-03-14 00:00:00+00:00,14.6136245187
2008-03-17 00:00:00+00:00,14.7727449947
2008-03-18 00:00:00+00:00,15.2532888323
2008-03-19 00:00:00+00:00,14.8268459565
2008-03-20 00:00:00+00:00,14.7982042709
2008-03-24 00:00:00+00:00,15.2532888323
2008-03-25 00:00:00+00:00,15.3583083465
2008-03-26 00:00:00+00:00,15.0655266706
2008-03-27 00:00:00+00:00,14.8427580041
2008-03-28 00:00:00+00:00,14.6677254805
2008-03-31 00:00:00+00:00,14.5308818711
2008-04-01 00:00:00+00:00,15.1450869086
2008-04-02 00:00:00+00:00,15.0305201659
2008-04-03 00:00:00+00:00,14.9445951088
2008-04-04 00:00:00+00:00,14.7663801756
2008-04-07 00:00:00+00:00,14.6136245187
2008-04-08 00:00:00+00:00,14.6613606615
2008-04-09 00:00:00+00:00,14.6677254805
2008-04-10 00:00:00+00:00,14.8204811375
2008-04-11 00:00:00+00:00,14.4704160902
2008-04-14 00:00:00+00:00,14.5818004235
2008-04-15 00:00:00+00:00,14.5818004235
2008-04-16 00:00:00+00:00,14.9891488421
2008-04-17 00:00:00+00:00,15.055979442
2008-04-18 00:00:00+00:00,15.3328490703
2008-04-21 00:00:00+00:00,15.4187741274
2008-04-22 00:00:00+00:00,15.3296666608
2008-04-23 00:00:00+00:00,15.281930518
2008-04-24 00:00:00+00:00,15.3869500322
2008-04-25 00:00:00+00:00,15.1005331753
2008-04-28 00:00:00+00:00,15.1450869086
2008-04-29 00:00:00+00:00,15.2246471466
2008-04-30 00:00:00+00:00,14.750468128
2008-05-01 00:00:00+00:00,15.2851129275
2008-05-02 00:00:00+00:00,15.3901324417
2008-05-05 00:00:00+00:00,15.3646731655
2008-05-06 00:00:00+00:00,15.4792399083
2008-05-07 00:00:00+00:00,15.4824223178
2008-05-08 00:00:00+00:00,15.6129011081
2008-05-09 00:00:00+00:00,15.6351779748
2008-05-12 00:00:00+00:00,14.903223785
2008-05-13 00:00:00+00:00,14.0885269478
2008-05-14 00:00:00+00:00,14.5245170521
2008-05-15 00:00:00+00:00,14.8713996898
2008-05-16 00:00:00+00:00,15.049614623
2008-05-19 00:00:00+00:00,14.8650348708
2008-05-20 00:00:00+00:00,14.7854746328
2008-05-21 00:00:00+00:00,14.2571946524
2008-05-22 00:00:00+00:00,14.2890187476
2008-05-23 00:00:00+00:00,14.3081132047
2008-05-27 00:00:00+00:00,14.5436115092
2008-05-28 00:00:00+00:00,14.8045690899
2008-05-29 00:00:00+00:00,14.9286830612
2008-05-30 00:00:00+00:00,14.976419204
2008-06-02 00:00:00+00:00,14.7186440328
2008-06-03 00:00:00+00:00,14.7154616233
2008-06-04 00:00:00+00:00,14.896858966
2008-06-05 00:00:00+00:00,15.4378685845
2008-06-06 00:00:00+00:00,15.1578165467
2008-06-09 00:00:00+00:00,15.1832758228
2008-06-10 00:00:00+00:00,15.1641492944
2008-06-11 00:00:00+00:00,14.8166840278
2008-06-12 00:00:00+00:00,14.9728840101
2008-06-13 00:00:00+00:00,15.1258962375
2008-06-16 00:00:00+00:00,15.1673370492
2008-06-17 00:00:00+00:00,15.0908309354
2008-06-18 00:00:00+00:00,14.85174933
2008-06-19 00:00:00+00:00,14.85174933
2008-06-20 00:00:00+00:00,14.5489126297
2008-06-23 00:00:00+00:00,14.5074718181
2008-06-24 00:00:00+00:00,14.3576473454
2008-06-25 00:00:00+00:00,14.5361616108
2008-06-26 00:00:00+00:00,14.23970042
2008-06-27 00:00:00+00:00,14.2110106274
2008-06-30 00:00:00+00:00,14.093063702
2008-07-01 00:00:00+00:00,14.0261208525
2008-07-02 00:00:00+00:00,13.9017984177
2008-07-03 00:00:00+00:00,13.8476065871
2008-07-07 00:00:00+00:00,14.0261208525
2008-07-08 00:00:00+00:00,13.8507943419
2008-07-09 00:00:00+00:00,13.4555127542
2008-07-10 00:00:00+00:00,13.213243394
2008-07-11 00:00:00+00:00,13.2578719604
2008-07-14 00:00:00+00:00,13.3216270552
2008-07-15 00:00:00+00:00,13.2769984888
2008-07-16 00:00:00+00:00,13.4969535658
2008-07-17 00:00:00+00:00,13.7806637376
2008-07-18 00:00:00+00:00,13.8412310776
2008-07-21 00:00:00+00:00,13.8189167945
2008-07-22 00:00:00+00:00,13.8762963798
2008-07-23 00:00:00+00:00,14.1153779852
2008-07-24 00:00:00+00:00,13.8284800587
2008-07-25 00:00:00+00:00,13.9336759651
2008-07-28 00:00:00+00:00,13.7073453786
2008-07-29 00:00:00+00:00,14.0675616641
2008-07-30 00:00:00+00:00,14.3640228549
2008-07-31 00:00:00+00:00,14.2811412317
2008-08-01 00:00:00+00:00,14.0133698336
2008-08-04 00:00:00+00:00,14.0069943241
2008-08-05 00:00:00+00:00,14.3448963264
2008-08-06 00:00:00+00:00,14.3927126475
2008-08-07 00:00:00+00:00,14.5074718181
2008-08-08 00:00:00+00:00,14.6062922151
2008-08-11 00:00:00+00:00,14.5776024224
2008-08-12 00:00:00+00:00,14.5616636487
2008-08-13 00:00:00+00:00,14.5393493655
2008-08-14 00:00:00+00:00,14.5042840634
2008-08-15 00:00:00+00:00,14.5329738561
2008-08-18 00:00:00+00:00,14.2173861369
2008-08-19 00:00:00+00:00,13.9273004556
2008-08-20 00:00:00+00:00,14.7146758762
2008-08-21 00:00:00+00:00,14.8071207636
2008-08-22 00:00:00+00:00,15.0015738027
2008-08-25 00:00:00+00:00,14.9218799342
2008-08-26 00:00:00+00:00,14.9378187079
2008-08-27 00:00:00+00:00,14.9186921795
2008-08-28 00:00:00+00:00,15.0876431807
2008-08-29 00:00:00+00:00,14.9569452364
2008-09-02 00:00:00+00:00,14.6636718004
2008-09-03 00:00:00+00:00,14.3735861191
2008-09-04 00:00:00+00:00,14.1727575705
2008-09-05 00:00:00+00:00,14.3321453075
2008-09-08 00:00:00+00:00,14.6062922151
2008-09-09 00:00:00+00:00,14.6925121297
2008-09-10 00:00:00+00:00,14.9320118928
2008-09-11 00:00:00+00:00,15.0693250903
2008-09-12 00:00:00+00:00,14.9990718264
2008-09-15 00:00:00+00:00,14.4753656779
2008-09-16 00:00:00+00:00,15.4589113715
2008-09-17 00:00:00+00:00,14.6094855452
2008-09-18 00:00:00+00:00,15.0533584394
2008-09-19 00:00:00+00:00,15.4110114189
2008-09-22 00:00:00+00:00,15.0597450997
2008-09-23 00:00:00+00:00,14.9703318549
2008-09-24 00:00:00+00:00,14.9383985531
2008-09-25 00:00:00+00:00,15.2321849291
2008-09-26 00:00:00+00:00,15.267311561
2008-09-29 00:00:00+00:00,14.2262859244
2008-09-30 00:00:00+00:00,14.7659587237
2008-10-01 00:00:00+00:00,14.3604057917
2008-10-02 00:00:00+00:00,13.8143463319
2008-10-03 00:00:00+00:00,13.7313197474
2008-10-06 00:00:00+00:00,13.0766870618
2008-10-07 00:00:00+00:00,12.6711341297
2008-10-08 00:00:00+00:00,12.7733206953
2008-10-09 00:00:00+00:00,12.2943211692
2008-10-10 00:00:00+00:00,11.8153216431
2008-10-13 00:00:00+00:00,13.2203869196
2008-10-14 00:00:00+00:00,12.9234072135
2008-10-15 00:00:00+00:00,12.3294478011
2008-10-16 00:00:00+00:00,12.6647474694
2008-10-17 00:00:00+00:00,12.6807141202
2008-10-20 00:00:00+00:00,13.0958470428
2008-10-21 00:00:00+00:00,12.1506213114
2008-10-22 00:00:00+00:00,11.2501022024
2008-10-23 00:00:00+00:00,10.5858895262
2008-10-24 00:00:00+00:00,10.3591630839
2008-10-27 00:00:00+00:00,9.956803482
2008-10-28 00:00:00+00:00,11.2053955799
2008-10-29 00:00:00+00:00,11.3043888153
2008-10-30 00:00:00+00:00,12.0356614251
2008-10-31 00:00:00+00:00,12.2240679054
2008-11-03 00:00:00+00:00,12.3294478011
2008-11-04 00:00:00+00:00,12.2112945847
2008-11-05 00:00:00+00:00,11.5758218801
2008-11-06 00:00:00+00:00,10.7423627047
2008-11-07 00:00:00+00:00,11.0616957221
2008-11-10 00:00:00+00:00,10.9116092039
2008-11-11 00:00:00+00:00,10.617822828
2008-11-12 00:00:00+00:00,9.9440301613
2008-11-13 00:00:00+00:00,10.1260499812
2008-11-14 00:00:00+00:00,9.7268837095
2008-11-17 00:00:00+00:00,9.36923073
2008-11-18 00:00:00+00:00,10.7263960539
2008-11-19 00:00:00+00:00,10.5475695641
2008-11-20 00:00:00+00:00,10.1643699433
2008-11-21 00:00:00+00:00,11.0616957221
2008-11-24 00:00:00+00:00,11.4001887205
2008-11-25 00:00:00+00:00,10.729589384
2008-11-26 00:00:00+00:00,11.243715542
2008-11-28 00:00:00+00:00,11.2660688532
2008-12-01 00:00:00+00:00,10.6784961013
2008-12-02 00:00:00+00:00,10.9435425057
2008-12-03 00:00:00+00:00,11.1191756652
2008-12-04 00:00:00+00:00,10.6625294504
2008-12-05 00:00:00+00:00,10.7072360728
2008-12-08 00:00:00+00:00,11.2501022024
2008-12-09 00:00:00+00:00,11.0201824299
2008-12-10 00:00:00+00:00,11.2085889101
2008-12-11 00:00:00+00:00,11.1064023445
2008-12-12 00:00:00+00:00,11.4864086352
2008-12-15 00:00:00+00:00,11.1447223066
2008-12-16 00:00:00+00:00,11.6248223486
2008-12-17 00:00:00+00:00,11.6728323528
2008-12-18 00:00:00+00:00,11.3207589887
2008-12-19 00:00:00+00:00,11.3303609895
2008-12-22 00:00:00+00:00,11.122317638
2008-12-23 00:00:00+00:00,11.0583042991
2008-12-24 00:00:00+00:00,11.0999129694
2008-12-26 00:00:00+00:00,11.1927323108
2008-12-29 00:00:00+00:00,11.3879729945
2008-12-30 00:00:00+00:00,11.5832136783
2008-12-31 00:00:00+00:00,11.6152203477
2009-01-02 00:00:00+00:00,11.7816550289
2009-01-05 00:00:00+00:00,11.6280230155
2009-01-06 00:00:00+00:00,12.5818217655
2009-01-07 00:00:00+00:00,12.1113237244
2009-01-08 00:00:00+00:00,12.0473103855
2009-01-09 00:00:00+00:00,11.9993003813
2009-01-12 00:00:00+00:00,11.836066367
2009-01-13 00:00:00+00:00,11.4679896682
2009-01-14 00:00:00+00:00,11.3271603226
2009-01-15 00:00:00+00:00,11.4423843326
2009-01-16 00:00:00+00:00,11.1287189719
2009-01-20 00:00:00+00:00,10.6710235986
2009-01-21 00:00:00+00:00,11.2375416481
2009-01-22 00:00:00+00:00,11.359166992
2009-01-23 00:00:00+00:00,11.4551870004
2009-01-26 00:00:00+00:00,11.3847723276
2009-01-27 00:00:00+00:00,11.4871936699
2009-01-28 00:00:00+00:00,11.9736950457
2009-01-29 00:00:00+00:00,11.4999963377
2009-01-30 00:00:00+00:00,11.122317638
2009-02-02 00:00:00+00:00,11.0935116355
2009-02-03 00:00:00+00:00,11.5544076757
2009-02-04 00:00:00+00:00,11.5320030071
2009-02-05 00:00:00+00:00,11.2311403142
2009-02-06 00:00:00+00:00,11.7944576967
2009-02-09 00:00:00+00:00,11.6280230155
2009-02-10 00:00:00+00:00,11.2695483175
2009-02-11 00:00:00+00:00,11.2279396472
2009-02-12 00:00:00+00:00,11.2791503184
2009-02-13 00:00:00+00:00,11.480792336
2009-02-17 00:00:00+00:00,10.9910902932
2009-02-18 00:00:00+00:00,10.9078729526
2009-02-19 00:00:00+00:00,10.0468935441
2009-02-20 00:00:00+00:00,9.9988835399
2009-02-23 00:00:00+00:00,9.3715528184
2009-02-24 00:00:00+00:00,9.4803754946
2009-02-25 00:00:00+00:00,9.6404088419
2009-02-26 00:00:00+00:00,9.6788168453
2009-02-27 00:00:00+00:00,9.2915361448
2009-03-02 00:00:00+00:00,8.984272118
2009-03-03 00:00:00+00:00,9.0162787874
2009-03-04 00:00:00+00:00,9.1699108008
2009-03-05 00:00:00+00:00,8.6674060903
2009-03-06 00:00:00+00:00,8.6353994208
2009-03-09 00:00:00+00:00,8.1969080492
2009-03-10 00:00:00+00:00,8.6817232139
2009-03-11 00:00:00+00:00,9.1858025573
2009-03-12 00:00:00+00:00,9.4201833985
2009-03-13 00:00:00+00:00,9.4555010595
2009-03-16 00:00:00+00:00,9.3174411119
2009-03-17 00:00:00+00:00,9.5518219531
2009-03-18 00:00:00+00:00,9.3078090226
2009-03-19 00:00:00+00:00,9.3431266836
2009-03-20 00:00:00+00:00,9.2628592722
2009-03-23 00:00:00+00:00,10.0141622426
2009-03-24 00:00:00+00:00,9.8311525447
2009-03-25 00:00:00+00:00,9.9563697064
2009-03-26 00:00:00+00:00,10.65951223
2009-03-27 00:00:00+00:00,10.701251284
2009-03-30 00:00:00+00:00,10.3127570129
2009-03-31 00:00:00+00:00,10.2934928342
2009-04-01 00:00:00+00:00,10.5567699435
2009-04-02 00:00:00+00:00,10.8168363563
2009-04-03 00:00:00+00:00,10.9645283933
2009-04-06 00:00:00+00:00,10.8393112315
2009-04-07 00:00:00+00:00,10.6948298911
2009-04-08 00:00:00+00:00,10.6145624797
2009-04-09 00:00:00+00:00,11.054427894
2009-04-13 00:00:00+00:00,11.0833241621
2009-04-14 00:00:00+00:00,10.9548963039
2009-04-15 00:00:00+00:00,11.1892771451
2009-04-16 00:00:00+00:00,11.7511490247
2009-04-17 00:00:00+00:00,11.654828131
2009-04-20 00:00:00+00:00,11.1346953054
2009-04-21 00:00:00+00:00,11.3754975395
2009-04-22 00:00:00+00:00,11.1346953054
2009-04-23 00:00:00+00:00,11.160380877
2009-04-24 00:00:00+00:00,11.4942933083
2009-04-27 00:00:00+00:00,11.3819189324
2009-04-28 00:00:00+00:00,11.372286843
2009-04-29 00:00:00+00:00,11.7029885779
2009-04-30 00:00:00+00:00,11.5520858445
2009-05-01 00:00:00+00:00,11.7254634531
2009-05-04 00:00:00+00:00,11.9245266333
2009-05-05 00:00:00+00:00,11.8153629538
2009-05-06 00:00:00+00:00,11.6644602204
2009-05-07 00:00:00+00:00,11.0865348585
2009-05-08 00:00:00+00:00,11.1346953054
2009-05-11 00:00:00+00:00,11.2470696813
2009-05-12 00:00:00+00:00,11.2342268955
2009-05-13 00:00:00+00:00,10.983792572
2009-05-14 00:00:00+00:00,11.2149627167
2009-05-15 00:00:00+00:00,11.2406482884
2009-05-18 00:00:00+00:00,11.4718184331
2009-05-19 00:00:00+00:00,11.7447276318
2009-05-20 00:00:00+00:00,11.1314846089
2009-05-21 00:00:00+00:00,10.9870032684
2009-05-22 00:00:00+00:00,10.9613176968
2009-05-26 00:00:00+00:00,11.0672706798
2009-05-27 00:00:00+00:00,11.0255316259
2009-05-28 00:00:00+00:00,11.1411166983
2009-05-29 00:00:00+00:00,11.0287423224
2009-06-01 00:00:00+00:00,11.5585072374
2009-06-02 00:00:00+00:00,11.5071360941
2009-06-03 00:00:00+00:00,11.4397114686
2009-06-04 00:00:00+00:00,11.5874035055
2009-06-05 00:00:00+00:00,11.9919512588
2009-06-08 00:00:00+00:00,12.0369010092
2009-06-09 00:00:00+00:00,11.8534999513
2009-06-10 00:00:00+00:00,11.8374121392
2009-06-11 00:00:00+00:00,11.9789848856
2009-06-12 00:00:00+00:00,12.1495156938
2009-06-15 00:00:00+00:00,11.9307214493
2009-06-16 00:00:00+00:00,11.8534999513
2009-06-17 00:00:00+00:00,12.0401185716
2009-06-18 00:00:00+00:00,12.081946883
2009-06-19 00:00:00+00:00,12.3393518766
2009-06-22 00:00:00+00:00,12.143080569
2009-06-23 00:00:00+00:00,12.0208131971
2009-06-24 00:00:00+00:00,11.9757673232
2009-06-25 00:00:00+00:00,12.2653479409
2009-06-26 00:00:00+00:00,12.1012522576
2009-06-29 00:00:00+00:00,12.5420583089
2009-06-30 00:00:00+00:00,12.4358787491
2009-07-01 00:00:00+00:00,12.4455314364
2009-07-02 00:00:00+00:00,12.1945615677
2009-07-06 00:00:00+00:00,12.1398630066
2009-07-07 00:00:00+00:00,11.8534999513
2009-07-08 00:00:00+00:00,11.9725497608
2009-07-09 00:00:00+00:00,12.0015078226
2009-07-10 00:00:00+00:00,11.9822024481
2009-07-13 00:00:00+00:00,12.0015078226
2009-07-14 00:00:00+00:00,11.9500268239
2009-07-15 00:00:00+00:00,12.4905773102
2009-07-16 00:00:00+00:00,12.7640701158
2009-07-17 00:00:00+00:00,12.8638145508
2009-07-20 00:00:00+00:00,13.0086048597
2009-07-21 00:00:00+00:00,13.0536507336
2009-07-22 00:00:00+00:00,13.1276546692
2009-07-23 00:00:00+00:00,13.3979299124
2009-07-24 00:00:00+00:00,13.4236704117
2009-07-27 00:00:00+00:00,13.4622811608
2009-07-28 00:00:00+00:00,13.5073270346
2009-07-29 00:00:00+00:00,13.5748958454
2009-07-30 00:00:00+00:00,13.7422090912
2009-07-31 00:00:00+00:00,13.9320452739
2009-08-03 00:00:00+00:00,13.9577857733
2009-08-04 00:00:00+00:00,13.9706560229
2009-08-05 00:00:00+00:00,13.9191750242
2009-08-06 00:00:00+00:00,13.5813309703
2009-08-07 00:00:00+00:00,14.009266772
2009-08-10 00:00:00+00:00,14.0510950834
2009-08-11 00:00:00+00:00,13.9610033357
2009-08-12 00:00:00+00:00,14.2151907668
2009-08-13 00:00:00+00:00,14.2698893279
2009-08-14 00:00:00+00:00,14.186232705
2009-08-17 00:00:00+00:00,13.870911588
2009-08-18 00:00:00+00:00,14.1444043936
2009-08-19 00:00:00+00:00,14.1025760821
2009-08-20 00:00:00+00:00,14.1508395184
2009-08-21 00:00:00+00:00,14.4082445119
2009-08-24 00:00:00+00:00,14.4114620743
2009-08-25 00:00:00+00:00,14.3760688877
2009-08-26 00:00:00+00:00,14.3117176393
2009-08-27 00:00:00+00:00,14.4178971992
2009-08-28 00:00:00+00:00,14.4018093871
2009-08-31 00:00:00+00:00,14.4436376985
2009-09-01 00:00:00+00:00,14.1154463318
2009-09-02 00:00:00+00:00,14.2377137037
2009-09-03 00:00:00+00:00,14.3020649521
2009-09-04 00:00:00+00:00,14.5112065093
2009-09-08 00:00:00+00:00,14.6302563188
2009-09-09 00:00:00+00:00,14.7943520022
2009-09-10 00:00:00+00:00,14.961665248
2009-09-11 00:00:00+00:00,14.8072222519
2009-09-14 00:00:00+00:00,14.7300007538
2009-09-15 00:00:00+00:00,14.7106615843
2009-09-16 00:00:00+00:00,14.7106615843
2009-09-17 00:00:00+00:00,14.7332239487
2009-09-18 00:00:00+00:00,14.8750445249
2009-09-21 00:00:00+00:00,14.9395084232
2009-09-22 00:00:00+00:00,15.1522392875
2009-09-23 00:00:00+00:00,15.1264537281
2009-09-24 00:00:00+00:00,15.1071145587
2009-09-25 00:00:00+00:00,15.1554624824
2009-09-28 00:00:00+00:00,15.4326572449
2009-09-29 00:00:00+00:00,15.2908366687
2009-09-30 00:00:00+00:00,15.2167031857
2009-10-01 00:00:00+00:00,14.8138038216
2009-10-02 00:00:00+00:00,14.5946265674
2009-10-05 00:00:00+00:00,14.8492589656
2009-10-06 00:00:00+00:00,15.1522392875
2009-10-07 00:00:00+00:00,15.0071955164
2009-10-08 00:00:00+00:00,14.9749635672
2009-10-09 00:00:00+00:00,15.2714974992
2009-10-12 00:00:00+00:00,15.1619088722
2009-10-13 00:00:00+00:00,15.0490970502
2009-10-14 00:00:00+00:00,15.4358804398
2009-10-15 00:00:00+00:00,15.4713355839
2009-10-16 00:00:00+00:00,15.5905937957
2009-10-19 00:00:00+00:00,15.6228257448
2009-10-20 00:00:00+00:00,15.7098520075
2009-10-21 00:00:00+00:00,15.542245872
2009-10-22 00:00:00+00:00,15.5744778211
2009-10-23 00:00:00+00:00,15.651834499
2009-10-26 00:00:00+00:00,15.4262108551
2009-10-27 00:00:00+00:00,15.2457119399
2009-10-28 00:00:00+00:00,15.1264537281
2009-10-29 00:00:00+00:00,15.5841474058
2009-10-30 00:00:00+00:00,15.2972830585
2009-11-02 00:00:00+00:00,15.5229067025
2009-11-03 00:00:00+00:00,15.3133990331
2009-11-04 00:00:00+00:00,15.3939789059
2009-11-05 00:00:00+00:00,15.7453071515
2009-11-06 00:00:00+00:00,15.8452261938
2009-11-09 00:00:00+00:00,16.1127513716
2009-11-10 00:00:00+00:00,16.1030817869
2009-11-11 00:00:00+00:00,16.1159745665
2009-11-12 00:00:00+00:00,16.0192787191
2009-11-13 00:00:00+00:00,16.0869658123
2009-11-16 00:00:00+00:00,16.3770533545
2009-11-17 00:00:00+00:00,16.5414362951
2009-11-18 00:00:00+00:00,16.2706879224
2009-11-19 00:00:00+00:00,16.0579570581
2009-11-20 00:00:00+00:00,16.1288673462
2009-11-23 00:00:00+00:00,16.4447404477
2009-11-24 00:00:00+00:00,16.1772152699
2009-11-25 00:00:00+00:00,16.1320905411
2009-11-27 00:00:00+00:00,15.8162174396
2009-11-30 00:00:00+00:00,15.8129942447
2009-12-01 00:00:00+00:00,15.9838235751
2009-12-02 00:00:00+00:00,15.7872086854
2009-12-03 00:00:00+00:00,15.7807622955
2009-12-04 00:00:00+00:00,16.0482874734
2009-12-07 00:00:00+00:00,15.8613421684
2009-12-08 00:00:00+00:00,15.7743159057
2009-12-09 00:00:00+00:00,16.099858592
2009-12-10 00:00:00+00:00,16.1610992953
2009-12-11 00:00:00+00:00,16.1320905411
2009-12-14 00:00:00+00:00,16.3609373799
2009-12-15 00:00:00+00:00,16.4610141477
2009-12-16 00:00:00+00:00,16.5804606123
2009-12-17 00:00:00+00:00,16.322197986
2009-12-18 00:00:00+00:00,16.625656572
2009-12-21 00:00:00+00:00,16.7838424306
2009-12-22 00:00:00+00:00,16.9355717236
2009-12-23 00:00:00+00:00,16.9452565721
2009-12-24 00:00:00+00:00,17.0679313196
2009-12-28 00:00:00+00:00,17.0324202085
2009-12-29 00:00:00+00:00,16.9710828347
2009-12-30 00:00:00+00:00,17.0873010166
2009-12-31 00:00:00+00:00,16.6288848548
2010-01-04 00:00:00+00:00,16.9323434408
2010-01-05 00:00:00+00:00,17.003365663
2010-01-06 00:00:00+00:00,16.8451798044
2010-01-07 00:00:00+00:00,16.85163637
2010-01-08 00:00:00+00:00,16.9775394004
2010-01-11 00:00:00+00:00,16.9258868751
2010-01-12 00:00:00+00:00,16.7773858649
2010-01-13 00:00:00+00:00,16.8580929357
2010-01-14 00:00:00+00:00,16.9517131377
2010-01-15 00:00:00+00:00,16.9388000064
2010-01-19 00:00:00+00:00,17.0291919256
2010-01-20 00:00:00+00:00,16.8548646529
2010-01-21 00:00:00+00:00,16.5578626325
2010-01-22 00:00:00+00:00,15.9122060666
2010-01-25 00:00:00+00:00,16.1607838445
2010-01-26 00:00:00+00:00,16.057478794
2010-01-27 00:00:00+00:00,15.9638585919
2010-01-28 00:00:00+00:00,15.4279636422
2010-01-29 00:00:00+00:00,15.1955272785
2010-02-01 00:00:00+00:00,15.4408767735
2010-02-02 00:00:00+00:00,15.6862262686
2010-02-03 00:00:00+00:00,15.7314222282
2010-02-04 00:00:00+00:00,15.1826141472
2010-02-05 00:00:00+00:00,15.2762343492
2010-02-08 00:00:00+00:00,15.3633979856
2010-02-09 00:00:00+00:00,15.5344969756
2010-02-10 00:00:00+00:00,15.5022141473
2010-02-11 00:00:00+00:00,15.6959111171
2010-02-12 00:00:00+00:00,15.6442585918
2010-02-16 00:00:00+00:00,15.9606303091
2010-02-17 00:00:00+00:00,16.1801535415
2010-02-18 00:00:00+00:00,16.4029050567
2010-02-19 00:00:00+00:00,16.3964484911
2010-02-22 00:00:00+00:00,16.322197986
2010-02-23 00:00:00+00:00,16.1801535415
2010-02-24 00:00:00+00:00,16.3964484911
2010-02-25 00:00:00+00:00,16.4384161678
2010-02-26 00:00:00+00:00,16.3964484911
2010-03-01 00:00:00+00:00,16.6385697033
2010-03-02 00:00:00+00:00,16.5029818244
2010-03-03 00:00:00+00:00,16.4965252588
2010-03-04 00:00:00+00:00,16.6288848548
2010-03-05 00:00:00+00:00,16.7967555619
2010-03-08 00:00:00+00:00,16.699907077
2010-03-09 00:00:00+00:00,16.7483313195
2010-03-10 00:00:00+00:00,16.7160484912
2010-03-11 00:00:00+00:00,16.7935272791
2010-03-12 00:00:00+00:00,16.9032888953
2010-03-15 00:00:00+00:00,16.9484848549
2010-03-16 00:00:00+00:00,16.9258523875
2010-03-17 00:00:00+00:00,16.887053872
2010-03-18 00:00:00+00:00,17.0487143533
2010-03-19 00:00:00+00:00,16.9711173223
2010-03-22 00:00:00+00:00,17.119844965
2010-03-23 00:00:00+00:00,17.1845091575
2010-03-24 00:00:00+00:00,17.1554102709
2010-03-25 00:00:00+00:00,17.2976714944
2010-03-26 00:00:00+00:00,17.2718058174
2010-03-29 00:00:00+00:00,17.1263113843
2010-03-30 00:00:00+00:00,17.2200744634
2010-03-31 00:00:00+00:00,17.1845091575
2010-04-01 00:00:00+00:00,17.2136080442
2010-04-05 00:00:00+00:00,17.4173002506
2010-04-06 00:00:00+00:00,17.4140670409
2010-04-07 00:00:00+00:00,17.2297740923
2010-04-08 00:00:00+00:00,17.3397032196
2010-04-09 00:00:00+00:00,17.4173002506
2010-04-12 00:00:00+00:00,17.4205334602
2010-04-13 00:00:00+00:00,17.3882013639
2010-04-14 00:00:00+00:00,17.6274588762
2010-04-15 00:00:00+00:00,17.5336957971
2010-04-16 00:00:00+00:00,17.3785017351
2010-04-19 00:00:00+00:00,17.3429364292
2010-04-20 00:00:00+00:00,17.3170707522
2010-04-21 00:00:00+00:00,17.3623356869
2010-04-22 00:00:00+00:00,17.2362405115
2010-04-23 00:00:00+00:00,17.4269998794
2010-04-26 00:00:00+00:00,17.5433954259
2010-04-27 00:00:00+00:00,17.2168412538
2010-04-28 00:00:00+00:00,17.2265408827
2010-04-29 00:00:00+00:00,17.0972124977
2010-04-30 00:00:00+00:00,16.8029904218
2010-05-03 00:00:00+00:00,17.042247934
2010-05-04 00:00:00+00:00,16.3729735416
2010-05-05 00:00:00+00:00,16.4667366208
2010-05-06 00:00:00+00:00,15.6261021182
2010-05-07 00:00:00+00:00,15.1087885782
2010-05-10 00:00:00+00:00,15.874250957
2010-05-11 00:00:00+00:00,15.6552010049
2010-05-12 00:00:00+00:00,16.0237869021
2010-05-13 00:00:00+00:00,15.7521972936
2010-05-14 00:00:00+00:00,15.335113252
2010-05-17 00:00:00+00:00,15.3642121386
2010-05-18 00:00:00+00:00,15.128187836
2010-05-19 00:00:00+00:00,15.1960852381
2010-05-20 00:00:00+00:00,14.8565982275
2010-05-21 00:00:00+00:00,15.0602904338
2010-05-24 00:00:00+00:00,14.7725347772
2010-05-25 00:00:00+00:00,14.8242661312
2010-05-26 00:00:00+00:00,14.7822344061
2010-05-27 00:00:00+00:00,15.1766859803
2010-05-28 00:00:00+00:00,14.8759974852
2010-06-01 00:00:00+00:00,14.7369694713
2010-06-02 00:00:00+00:00,15.283381898
2010-06-03 00:00:00+00:00,15.3512793001
2010-06-04 00:00:00+00:00,14.8889303237
2010-06-07 00:00:00+00:00,14.6262320417
2010-06-08 00:00:00+00:00,14.8339657601
2010-06-09 00:00:00+00:00,14.6820049077
2010-06-10 00:00:00+00:00,15.0344247568
2010-06-11 00:00:00+00:00,15.257516221
2010-06-14 00:00:00+00:00,15.1831523996
2010-06-15 00:00:00+00:00,15.5394123748
2010-06-16 00:00:00+00:00,15.549128556
2010-06-17 00:00:00+00:00,15.6236192781
2010-06-18 00:00:00+00:00,15.5394123748
2010-06-21 00:00:00+00:00,15.3871922036
2010-06-22 00:00:00+00:00,15.1475264021
2010-06-23 00:00:00+00:00,15.1863911266
2010-06-24 00:00:00+00:00,14.8625184219
2010-06-25 00:00:00+00:00,14.872234603
2010-06-28 00:00:00+00:00,14.9208155087
2010-06-29 00:00:00+00:00,14.3475608213
2010-06-30 00:00:00+00:00,14.0172106624
2010-07-01 00:00:00+00:00,13.8909003076
2010-07-02 00:00:00+00:00,13.8649904912
2010-07-06 00:00:00+00:00,13.9815846649
2010-07-07 00:00:00+00:00,14.5613168064
2010-07-08 00:00:00+00:00,14.7297306129
2010-07-09 00:00:00+00:00,14.6552398908
2010-07-12 00:00:00+00:00,14.7945051539
2010-07-13 00:00:00+00:00,15.1475264021
2010-07-14 00:00:00+00:00,15.3321338438
2010-07-15 00:00:00+00:00,15.3580436602
2010-07-16 00:00:00+00:00,14.9629189603
2010-07-19 00:00:00+00:00,15.1183778586
2010-07-20 00:00:00+00:00,15.0957067693
2010-07-21 00:00:00+00:00,14.7297306129
2010-07-22 00:00:00+00:00,14.9208155087
2010-07-23 00:00:00+00:00,14.9467253251
2010-07-26 00:00:00+00:00,15.0827518611
2010-07-27 00:00:00+00:00,15.4066245659
2010-07-28 00:00:00+00:00,15.2641205758
2010-07-29 00:00:00+00:00,15.0309322284
2010-07-30 00:00:00+00:00,14.9110993276
2010-08-02 00:00:00+00:00,15.4033858388
2010-08-03 00:00:00+00:00,15.3386112979
2010-08-04 00:00:00+00:00,15.1475264021
2010-08-05 00:00:00+00:00,15.0114998661
2010-08-06 00:00:00+00:00,13.5540726946
2010-08-09 00:00:00+00:00,13.7969772232
2010-08-10 00:00:00+00:00,13.7095315929
2010-08-11 00:00:00+00:00,13.2042901735
2010-08-12 00:00:00+00:00,13.0002503694
2010-08-13 00:00:00+00:00,13.1006509079
2010-08-16 00:00:00+00:00,13.1330381784
2010-08-17 00:00:00+00:00,13.2204838087
2010-08-18 00:00:00+00:00,13.3953750693
2010-08-19 00:00:00+00:00,13.2010514464
2010-08-20 00:00:00+00:00,12.9063272851
2010-08-23 00:00:00+00:00,12.6439903942
2010-08-24 00:00:00+00:00,12.4334731361
2010-08-25 00:00:00+00:00,12.3848922304
2010-08-26 00:00:00+00:00,12.3784147763
2010-08-27 00:00:00+00:00,12.3071627812
2010-08-30 00:00:00+00:00,12.4885314959
2010-08-31 00:00:00+00:00,12.4529054984
2010-09-01 00:00:00+00:00,12.699048754
2010-09-02 00:00:00+00:00,12.8512689253
2010-09-03 00:00:00+00:00,13.0650249104
2010-09-07 00:00:00+00:00,12.9289983744
2010-09-08 00:00:00+00:00,12.5694996721
2010-09-09 00:00:00+00:00,12.5727383992
2010-09-10 00:00:00+00:00,12.3978471386
2010-09-13 00:00:00+00:00,12.423756955
2010-09-14 00:00:00+00:00,12.7515520052
2010-09-15 00:00:00+00:00,12.8586533583
2010-09-16 00:00:00+00:00,13.0955745332
2010-09-17 00:00:00+00:00,12.702869572
2010-09-20 00:00:00+00:00,12.7840069607
2010-09-21 00:00:00+00:00,12.9560182247
2010-09-22 00:00:00+00:00,12.8359348895
2010-09-23 00:00:00+00:00,13.0306646223
2010-09-24 00:00:00+00:00,13.3000407527
2010-09-27 00:00:00+00:00,13.390914628
2010-09-28 00:00:00+00:00,13.5077524677
2010-09-29 00:00:00+00:00,13.8030925625
2010-09-30 00:00:00+00:00,13.6537997674
2010-10-01 00:00:00+00:00,13.2318853462
2010-10-04 00:00:00+00:00,13.1896939041
2010-10-05 00:00:00+00:00,13.2448673284
2010-10-06 00:00:00+00:00,13.2221488596
2010-10-07 00:00:00+00:00,13.2448673284
2010-10-08 00:00:00+00:00,13.355214177
2010-10-11 00:00:00+00:00,13.3714416548
2010-10-12 00:00:00+00:00,13.420124088
2010-10-13 00:00:00+00:00,13.699236705
2010-10-14 00:00:00+00:00,13.6732727407
2010-10-15 00:00:00+00:00,13.8972119334
2010-10-18 00:00:00+00:00,14.0594867108
2010-10-19 00:00:00+00:00,13.900457429
2010-10-20 00:00:00+00:00,13.8972119334
2010-10-21 00:00:00+00:00,13.7609011204
2010-10-22 00:00:00+00:00,13.9134394112
2010-10-25 00:00:00+00:00,13.9166849067
2010-10-26 00:00:00+00:00,13.9394033755
2010-10-27 00:00:00+00:00,13.7576556249
2010-10-28 00:00:00+00:00,13.8452840047
2010-10-29 00:00:00+00:00,13.6440632807
2010-11-01 00:00:00+00:00,13.7901105804
2010-11-02 00:00:00+00:00,13.9264213933
2010-11-03 00:00:00+00:00,14.2185159926
2010-11-04 00:00:00+00:00,14.3028988768
2010-11-05 00:00:00+00:00,14.1893065327
2010-11-08 00:00:00+00:00,14.3613177967
2010-11-09 00:00:00+00:00,14.3191263546
2010-11-10 00:00:00+00:00,14.3321083368
2010-11-11 00:00:00+00:00,13.9880858087
2010-11-12 00:00:00+00:00,13.699236705
2010-11-15 00:00:00+00:00,13.8063380581
2010-11-16 00:00:00+00:00,13.5661713876
2010-11-17 00:00:00+00:00,13.2967952572
2010-11-18 00:00:00+00:00,13.5304709366
2010-11-19 00:00:00+00:00,13.7901105804
2010-11-22 00:00:00+00:00,14.036768242
2010-11-23 00:00:00+00:00,14.3418448234
2010-11-24 00:00:00+00:00,14.1974202715
2010-11-26 00:00:00+00:00,14.0205407642
2010-11-29 00:00:00+00:00,13.8258110314
2010-11-30 00:00:00+00:00,13.6083628297
2010-12-01 00:00:00+00:00,13.8160745447
2010-12-02 00:00:00+00:00,13.9913313043
2010-12-03 00:00:00+00:00,13.9653673399
2010-12-06 00:00:00+00:00,13.9069484201
2010-12-07 00:00:00+00:00,13.6927457139
2010-12-08 00:00:00+00:00,13.8452840047
2010-12-09 00:00:00+00:00,13.8063380581
2010-12-10 00:00:00+00:00,13.8323020225
2010-12-13 00:00:00+00:00,13.5434529188
2010-12-14 00:00:00+00:00,13.5076838955
2010-12-15 00:00:00+00:00,13.4068802843
2010-12-16 00:00:00+00:00,13.6418177329
2010-12-17 00:00:00+00:00,13.6442565299
2010-12-20 00:00:00+00:00,13.6214944242
2010-12-21 00:00:00+00:00,13.627997883
2010-12-22 00:00:00+00:00,13.4881735191
2010-12-23 00:00:00+00:00,13.5727184833
2010-12-27 00:00:00+00:00,13.5987323184
2010-12-28 00:00:00+00:00,13.7385566823
2010-12-29 00:00:00+00:00,13.761318788
2010-12-30 00:00:00+00:00,13.7418084117
2010-12-31 00:00:00+00:00,13.6897807414
2011-01-03 00:00:00+00:00,13.8978914225
2011-01-04 00:00:00+00:00,14.1872953384
2011-01-05 00:00:00+00:00,14.3726439138
2011-01-06 00:00:00+00:00,14.5937615125
2011-01-07 00:00:00+00:00,14.6620478297
2011-01-10 00:00:00+00:00,14.5872580537
2011-01-11 00:00:00+00:00,14.772606629
2011-01-12 00:00:00+00:00,14.8408929463
2011-01-13 00:00:00+00:00,14.8441446757
2011-01-14 00:00:00+00:00,15.0392484392
2011-01-18 00:00:00+00:00,15.0685140037
2011-01-19 00:00:00+00:00,15.062010545
2011-01-20 00:00:00+00:00,15.211590097
2011-01-21 00:00:00+00:00,15.3579179196
2011-01-24 00:00:00+00:00,15.4619732602
2011-01-25 00:00:00+00:00,15.3091419788
2011-01-26 00:00:00+00:00,15.2441073909
2011-01-27 00:00:00+00:00,15.1985831794
2011-01-28 00:00:00+00:00,14.7986204642
2011-01-31 00:00:00+00:00,14.8571515932
2011-02-01 00:00:00+00:00,15.1270451328
2011-02-02 00:00:00+00:00,15.2473591203
2011-02-03 00:00:00+00:00,15.3871834842
2011-02-04 00:00:00+00:00,15.4229525075
2011-02-07 00:00:00+00:00,15.6538252943
2011-02-08 00:00:00+00:00,15.6538252943
2011-02-09 00:00:00+00:00,15.9139636457
2011-02-10 00:00:00+00:00,15.78389447
2011-02-11 00:00:00+00:00,15.816411764
2011-02-14 00:00:00+00:00,15.709104694
2011-02-15 00:00:00+00:00,15.6050493535
2011-02-16 00:00:00+00:00,15.9302222927
2011-02-17 00:00:00+00:00,15.8099083052
2011-02-18 00:00:00+00:00,15.8261669521
2011-02-22 00:00:00+00:00,15.6830908589
2011-02-23 00:00:00+00:00,14.1742884209
2011-02-24 00:00:00+00:00,13.7125428472
2011-02-25 00:00:00+00:00,13.8783810462
2011-02-28 00:00:00+00:00,14.1872953384
2011-03-01 00:00:00+00:00,13.9531708222
2011-03-02 00:00:00+00:00,14.0604778921
2011-03-03 00:00:00+00:00,14.0474709746
2011-03-04 00:00:00+00:00,13.8556189404
2011-03-07 00:00:00+00:00,13.6507599887
2011-03-08 00:00:00+00:00,13.7873326232
2011-03-09 00:00:00+00:00,13.6735220945
2011-03-10 00:00:00+00:00,13.4881735191
2011-03-11 00:00:00+00:00,13.5694667539
2011-03-14 00:00:00+00:00,13.5174390836
2011-03-15 00:00:00+00:00,13.334991123
2011-03-16 00:00:00+00:00,13.0776091785
2011-03-17 00:00:00+00:00,13.4978910878
2011-03-18 00:00:00+00:00,13.4620530956
2011-03-21 00:00:00+00:00,13.6070340643
2011-03-22 00:00:00+00:00,13.5988890661
2011-03-23 00:00:00+00:00,13.7064030429
2011-03-24 00:00:00+00:00,14.0419769705
2011-03-25 00:00:00+00:00,13.8562710105
2011-03-28 00:00:00+00:00,13.7292090379
2011-03-29 00:00:00+00:00,13.3936351103
2011-03-30 00:00:00+00:00,13.455537097
2011-03-31 00:00:00+00:00,13.3480231202
2011-04-01 00:00:00+00:00,13.3512811195
2011-04-04 00:00:00+00:00,13.1427691645
2011-04-05 00:00:00+00:00,13.126479168
2011-04-06 00:00:00+00:00,13.4164411054
2011-04-07 00:00:00+00:00,13.3838611124
2011-04-08 00:00:00+00:00,13.2600571392
2011-04-11 00:00:00+00:00,13.3740871146
2011-04-12 00:00:00+00:00,13.3838611124
2011-04-13 00:00:00+00:00,13.4001511089
2011-04-14 00:00:00+00:00,13.1492851631
2011-04-15 00:00:00+00:00,13.1167051701
2011-04-18 00:00:00+00:00,12.9505472059
2011-04-19 00:00:00+00:00,13.0287717691
2011-04-20 00:00:00+00:00,13.3219591258
2011-04-21 00:00:00+00:00,13.3545391188
2011-04-25 00:00:00+00:00,13.2046711511
2011-04-26 00:00:00+00:00,13.2567991399
2011-04-27 00:00:00+00:00,13.3708291153
2011-04-28 00:00:00+00:00,13.2046711511
2011-04-29 00:00:00+00:00,13.1525431624
2011-05-02 00:00:00+00:00,13.0580611827
2011-05-03 00:00:00+00:00,13.1395111652
2011-05-04 00:00:00+00:00,13.3382491223
2011-05-05 00:00:00+00:00,13.2926371321
2011-05-06 00:00:00+00:00,13.2958951314
2011-05-09 00:00:00+00:00,13.3643131167
2011-05-10 00:00:00+00:00,13.543503078
2011-05-11 00:00:00+00:00,13.3773451139
2011-05-12 00:00:00+00:00,13.3187011265
2011-05-13 00:00:00+00:00,13.1655751595
2011-05-16 00:00:00+00:00,12.9668372024
2011-05-17 00:00:00+00:00,12.0252754056
2011-05-18 00:00:00+00:00,11.8884394351
2011-05-19 00:00:00+00:00,11.7711514604
2011-05-20 00:00:00+00:00,11.7222814709
2011-05-23 00:00:00+00:00,11.6668954829
2011-05-24 00:00:00+00:00,11.7206524713
2011-05-25 00:00:00+00:00,11.7320554688
2011-05-26 00:00:00+00:00,11.9079874309
2011-05-27 00:00:00+00:00,12.041565402
2011-05-31 00:00:00+00:00,12.1784013725
2011-06-01 00:00:00+00:00,11.9340514252
2011-06-02 00:00:00+00:00,11.8672624397
2011-06-03 00:00:00+00:00,11.7646354618
2011-06-06 00:00:00+00:00,11.7157654723
2011-06-07 00:00:00+00:00,11.5887034997
2011-06-08 00:00:00+00:00,11.5202855145
2011-06-09 00:00:00+00:00,11.5528655075
2011-06-10 00:00:00+00:00,11.4844475222
2011-06-13 00:00:00+00:00,11.328063556
2011-06-14 00:00:00+00:00,11.3542178153
2011-06-15 00:00:00+00:00,11.2005615419
2011-06-16 00:00:00+00:00,11.4326805932
2011-06-17 00:00:00+00:00,11.4424884404
2011-06-20 00:00:00+00:00,11.439219158
2011-06-21 00:00:00+00:00,11.5405669127
2011-06-22 00:00:00+00:00,11.4817198293
2011-06-23 00:00:00+00:00,11.5176819359
2011-06-24 00:00:00+00:00,11.4097956163
2011-06-27 00:00:00+00:00,11.4359498756
2011-06-28 00:00:00+00:00,11.4719119821
2011-06-29 00:00:00+00:00,11.622298973
2011-06-30 00:00:00+00:00,11.900187978
2011-07-01 00:00:00+00:00,12.1126913348
2011-07-05 00:00:00+00:00,11.9230729549
2011-07-06 00:00:00+00:00,11.8348023298
2011-07-07 00:00:00+00:00,11.9165343901
2011-07-08 00:00:00+00:00,11.9099958252
2011-07-11 00:00:00+00:00,11.5372976303
2011-07-12 00:00:00+00:00,11.5307590655
2011-07-13 00:00:00+00:00,11.5863368665
2011-07-14 00:00:00+00:00,11.4849891117
2011-07-15 00:00:00+00:00,11.4719119821
2011-07-18 00:00:00+00:00,11.4490270052
2011-07-19 00:00:00+00:00,11.6419146675
2011-07-20 00:00:00+00:00,11.5340283479
2011-07-21 00:00:00+00:00,11.844610177
2011-07-22 00:00:00+00:00,11.9982664503
2011-07-25 00:00:00+00:00,12.1257684644
2011-07-26 00:00:00+00:00,12.250001196
2011-07-27 00:00:00+00:00,12.0309592745
2011-07-28 00:00:00+00:00,11.844610177
2011-07-29 00:00:00+00:00,11.4980662414
2011-08-01 00:00:00+00:00,11.5078740886
2011-08-02 00:00:00+00:00,11.2299850836
2011-08-03 00:00:00+00:00,11.2071001068
2011-08-04 00:00:00+00:00,10.6382449671
2011-08-05 00:00:00+00:00,10.6676685089
2011-08-08 00:00:00+00:00,10.07265911
2011-08-09 00:00:00+00:00,10.3080474436
2011-08-10 00:00:00+00:00,9.7620772809
2011-08-11 00:00:00+00:00,10.1511218878
2011-08-12 00:00:00+00:00,10.5663207541
2011-08-15 00:00:00+00:00,10.6022828606
2011-08-16 00:00:00+00:00,10.661129944
2011-08-17 00:00:00+00:00,10.2622774898
2011-08-18 00:00:00+00:00,9.6476523965
2011-08-19 00:00:00+00:00,7.7155064912
2011-08-22 00:00:00+00:00,7.9933954962
2011-08-23 00:00:00+00:00,8.0228190379
2011-08-24 00:00:00+00:00,8.2418609595
2011-08-25 00:00:00+00:00,8.1830138761
2011-08-26 00:00:00+00:00,8.1143589454
2011-08-29 00:00:00+00:00,8.5393656589
2011-08-30 00:00:00+00:00,8.5164806821
2011-08-31 00:00:00+00:00,8.5099421172
2011-09-01 00:00:00+00:00,8.3922479504
2011-09-02 00:00:00+00:00,7.9574333897
2011-09-06 00:00:00+00:00,7.7253143385
2011-09-07 00:00:00+00:00,7.8920477415
2011-09-08 00:00:00+00:00,7.8037771163
2011-09-09 00:00:00+00:00,7.4049246621
2011-09-12 00:00:00+00:00,7.4212710742
2011-09-13 00:00:00+00:00,7.4607109559
2011-09-14 00:00:00+00:00,7.5363040625
2011-09-15 00:00:00+00:00,7.648050394
2011-09-16 00:00:00+00:00,7.733503471
2011-09-19 00:00:00+00:00,7.5297307489
2011-09-20 00:00:00+00:00,7.3851178493
2011-09-21 00:00:00+00:00,7.8814030274
2011-09-22 00:00:00+00:00,7.493577524
2011-09-23 00:00:00+00:00,7.3358179972
2011-09-26 00:00:00+00:00,7.4639976127
2011-09-27 00:00:00+00:00,7.7532234119
2011-09-28 00:00:00+00:00,7.6217571395
2011-09-29 00:00:00+00:00,7.8156698912
2011-09-30 00:00:00+00:00,7.3785445357
2011-10-03 00:00:00+00:00,7.2963781155
2011-10-04 00:00:00+00:00,7.5658839738
2011-10-05 00:00:00+00:00,7.8419631457
2011-10-06 00:00:00+00:00,8.233075306
2011-10-07 00:00:00+00:00,8.1772021402
2011-10-10 00:00:00+00:00,8.4598546258
2011-10-11 00:00:00+00:00,8.5190144483
2011-10-12 00:00:00+00:00,8.5025811643
2011-10-13 00:00:00+00:00,8.4237014009
2011-10-14 00:00:00+00:00,8.5814609277
2011-10-17 00:00:00+00:00,8.1706288266
2011-10-18 00:00:00+00:00,8.4171280872
2011-10-19 00:00:00+00:00,8.2100687083
2011-10-20 00:00:00+00:00,8.1311889449
2011-10-21 00:00:00+00:00,8.3415349806
2011-10-24 00:00:00+00:00,8.5518810164
2011-10-25 00:00:00+00:00,8.233075306
2011-10-26 00:00:00+00:00,8.4631412826
2011-10-27 00:00:00+00:00,8.9035532949
2011-10-28 00:00:00+00:00,9.1829191237
2011-10-31 00:00:00+00:00,8.7457937681
2011-11-01 00:00:00+00:00,8.4269880577
2011-11-02 00:00:00+00:00,8.5157277915
2011-11-03 00:00:00+00:00,8.8213868747
2011-11-04 00:00:00+00:00,8.8641134132
2011-11-07 00:00:00+00:00,9.1631991828
2011-11-08 00:00:00+00:00,9.1500525556
2011-11-09 00:00:00+00:00,8.6537673775
2011-11-10 00:00:00+00:00,8.7950936203
2011-11-11 00:00:00+00:00,9.0645994786
2011-11-14 00:00:00+00:00,8.9791464015
2011-11-15 00:00:00+00:00,9.281518828
2011-11-16 00:00:00+00:00,9.1796324669
2011-11-17 00:00:00+00:00,8.9692864311
2011-11-18 00:00:00+00:00,9.1993524077
2011-11-21 00:00:00+00:00,8.8279601883
2011-11-22 00:00:00+00:00,8.7589403954
2011-11-23 00:00:00+00:00,8.473001253
2011-11-25 00:00:00+00:00,8.3448216375
2011-11-28 00:00:00+00:00,8.7195005137
2011-11-29 00:00:00+00:00,8.8411068156
2011-11-30 00:00:00+00:00,9.1862057805
2011-12-01 00:00:00+00:00,9.2749455143
2011-12-02 00:00:00+00:00,9.0974660467
2011-12-05 00:00:00+00:00,9.2420789462
2011-12-06 00:00:00+00:00,9.2617988871
2011-12-07 00:00:00+00:00,9.3373919937
2011-12-08 00:00:00+00:00,9.090892733
2011-12-09 00:00:00+00:00,9.1697724965
2011-12-12 00:00:00+00:00,9.0251595969
2011-12-13 00:00:00+00:00,8.846901141
2011-12-14 00:00:00+00:00,8.7082556754
2011-12-15 00:00:00+00:00,8.6356318601
2011-12-16 00:00:00+00:00,8.5299972196
2011-12-19 00:00:00+00:00,8.295620361
2011-12-20 00:00:00+00:00,8.5531047972
2011-12-21 00:00:00+00:00,8.397953919
2011-12-22 00:00:00+00:00,8.5365993846
2011-12-23 00:00:00+00:00,8.5432015496
2011-12-27 00:00:00+00:00,8.4672766518
2011-12-28 00:00:00+00:00,8.3187279386
2011-12-29 00:00:00+00:00,8.4573734042
2011-12-30 00:00:00+00:00,8.5035885595
